id,name,lat,lon,address,size,district,pop_time_Monday_0,pop_time_Monday_1,pop_time_Monday_2,pop_time_Monday_3,pop_time_Monday_4,pop_time_Monday_5,pop_time_Monday_6,pop_time_Monday_7,pop_time_Monday_8,pop_time_Monday_9,pop_time_Monday_10,pop_time_Monday_11,pop_time_Monday_12,pop_time_Monday_13,pop_time_Monday_14,pop_time_Monday_15,pop_time_Monday_16,pop_time_Monday_17,pop_time_Monday_18,pop_time_Monday_19,pop_time_Monday_20,pop_time_Monday_21,pop_time_Monday_22,pop_time_Monday_23,pop_time_Tuesday_0,pop_time_Tuesday_1,pop_time_Tuesday_2,pop_time_Tuesday_3,pop_time_Tuesday_4,pop_time_Tuesday_5,pop_time_Tuesday_6,pop_time_Tuesday_7,pop_time_Tuesday_8,pop_time_Tuesday_9,pop_time_Tuesday_10,pop_time_Tuesday_11,pop_time_Tuesday_12,pop_time_Tuesday_13,pop_time_Tuesday_14,pop_time_Tuesday_15,pop_time_Tuesday_16,pop_time_Tuesday_17,pop_time_Tuesday_18,pop_time_Tuesday_19,pop_time_Tuesday_20,pop_time_Tuesday_21,pop_time_Tuesday_22,pop_time_Tuesday_23,pop_time_Wednesday_0,pop_time_Wednesday_1,pop_time_Wednesday_2,pop_time_Wednesday_3,pop_time_Wednesday_4,pop_time_Wednesday_5,pop_time_Wednesday_6,pop_time_Wednesday_7,pop_time_Wednesday_8,pop_time_Wednesday_9,pop_time_Wednesday_10,pop_time_Wednesday_11,pop_time_Wednesday_12,pop_time_Wednesday_13,pop_time_Wednesday_14,pop_time_Wednesday_15,pop_time_Wednesday_16,pop_time_Wednesday_17,pop_time_Wednesday_18,pop_time_Wednesday_19,pop_time_Wednesday_20,pop_time_Wednesday_21,pop_time_Wednesday_22,pop_time_Wednesday_23,pop_time_Thursday_0,pop_time_Thursday_1,pop_time_Thursday_2,pop_time_Thursday_3,pop_time_Thursday_4,pop_time_Thursday_5,pop_time_Thursday_6,pop_time_Thursday_7,pop_time_Thursday_8,pop_time_Thursday_9,pop_time_Thursday_10,pop_time_Thursday_11,pop_time_Thursday_12,pop_time_Thursday_13,pop_time_Thursday_14,pop_time_Thursday_15,pop_time_Thursday_16,pop_time_Thursday_17,pop_time_Thursday_18,pop_time_Thursday_19,pop_time_Thursday_20,pop_time_Thursday_21,pop_time_Thursday_22,pop_time_Thursday_23,pop_time_Friday_0,pop_time_Friday_1,pop_time_Friday_2,pop_time_Friday_3,pop_time_Friday_4,pop_time_Friday_5,pop_time_Friday_6,pop_time_Friday_7,pop_time_Friday_8,pop_time_Friday_9,pop_time_Friday_10,pop_time_Friday_11,pop_time_Friday_12,pop_time_Friday_13,pop_time_Friday_14,pop_time_Friday_15,pop_time_Friday_16,pop_time_Friday_17,pop_time_Friday_18,pop_time_Friday_19,pop_time_Friday_20,pop_time_Friday_21,pop_time_Friday_22,pop_time_Friday_23,pop_time_Saturday_0,pop_time_Saturday_1,pop_time_Saturday_2,pop_time_Saturday_3,pop_time_Saturday_4,pop_time_Saturday_5,pop_time_Saturday_6,pop_time_Saturday_7,pop_time_Saturday_8,pop_time_Saturday_9,pop_time_Saturday_10,pop_time_Saturday_11,pop_time_Saturday_12,pop_time_Saturday_13,pop_time_Saturday_14,pop_time_Saturday_15,pop_time_Saturday_16,pop_time_Saturday_17,pop_time_Saturday_18,pop_time_Saturday_19,pop_time_Saturday_20,pop_time_Saturday_21,pop_time_Saturday_22,pop_time_Saturday_23,pop_time_Sunday_0,pop_time_Sunday_1,pop_time_Sunday_2,pop_time_Sunday_3,pop_time_Sunday_4,pop_time_Sunday_5,pop_time_Sunday_6,pop_time_Sunday_7,pop_time_Sunday_8,pop_time_Sunday_9,pop_time_Sunday_10,pop_time_Sunday_11,pop_time_Sunday_12,pop_time_Sunday_13,pop_time_Sunday_14,pop_time_Sunday_15,pop_time_Sunday_16,pop_time_Sunday_17,pop_time_Sunday_18,pop_time_Sunday_19,pop_time_Sunday_20,pop_time_Sunday_21,pop_time_Sunday_22,pop_time_Sunday_23
ChIJeRNG7a1XzpQRUe3coLqlwnU,Pão de Açúcar,-23.5925362,-46.6771633,"R. Clodomiro Amazonas, 955 - Vila Nova Conceição, São Paulo - SP, 04537-002, Brazil",medio,itaim bibi,0,0,0,0,0,0,0,20,35,53,70,83,88,84,74,66,65,71,76,71,58,39,19,0,0,0,0,0,0,0,0,16,37,55,68,80,88,84,75,68,66,65,61,52,40,28,17,0,0,0,0,0,0,0,0,16,28,43,59,72,78,76,67,55,47,48,55,59,52,36,18,0,0,0,0,0,0,0,0,20,35,49,64,80,91,89,76,65,65,75,82,77,59,36,17,0,0,0,0,0,0,0,0,22,37,55,74,90,99,100,92,81,74,75,81,82,70,48,25,0,0,0,0,0,0,0,0,18,36,57,71,77,78,77,74,70,69,71,72,68,56,38,22,0,0,0,0,0,0,0,0,7,17,35,56,74,81,76,65,61,68,71,66,64,62,47,23,0
ChIJMdGetkJXzpQR8hnTOn4V72E,Horti Sabor,-23.58416,-46.680511,"Rua Tabapuã, 1026 - Itaim Bibi, São Paulo - SP, 04533-003, Brazil",medio,itaim bibi,0,0,0,0,0,0,0,37,55,67,79,92,100,93,76,61,55,58,60,54,0,0,0,0,0,0,0,0,0,0,0,43,70,80,84,90,91,82,71,63,58,54,47,37,0,0,0,0,0,0,0,0,0,0,0,29,47,59,61,63,67,69,62,53,49,50,49,40,0,0,0,0,0,0,0,0,0,0,0,37,59,62,64,81,94,88,71,60,58,59,56,46,0,0,0,0,0,0,0,0,0,0,0,42,57,67,77,85,86,78,68,61,59,56,51,40,0,0,0,0,0,0,0,0,0,0,0,12,21,31,41,48,50,48,42,38,37,38,37,31,0,0,0,0,0,0,0,0,0,0,0,7,15,26,35,41,41,38,36,38,42,42,37,31,0,0,0,0
ChIJj7y2Q4JXzpQRqNOnQHamkgw,Pão de Açúcar,-23.5773214,-46.68783519999999,"Av. Brg. Faria Lima, 2232 - Jardim Paulista, São Paulo - SP, 01489-900, Brazil",medio,jardim paulista,0,0,0,0,0,0,0,0,44,70,52,55,64,66,64,61,61,64,67,65,55,41,0,0,0,0,0,0,0,0,0,0,33,50,54,58,71,84,89,84,73,61,49,40,32,24,0,0,0,0,0,0,0,0,0,0,24,35,46,56,62,63,60,56,51,49,46,43,36,27,0,0,0,0,0,0,0,0,0,0,46,61,52,53,73,82,71,59,60,66,69,64,53,38,0,0,0,0,0,0,0,0,0,0,32,52,63,73,90,100,93,79,74,79,84,78,62,40,0,0,0,0,0,0,0,0,0,0,16,28,43,59,72,81,84,83,84,88,86,67,62,58,0,0,0,0,0,0,0,0,0,0,0,12,25,43,65,85,97,99,95,93,92,73,38,0,0,0
ChIJHapGrFlXzpQRrRMzI2eirRY,Sam's Club Morumbi,-23.58687,-46.7230154,"Av. Prof. Francisco Morato, 2585 - Butanta, São Paulo - SP, 05513-300, Brazil",grande,morumbi,0,0,0,0,0,0,0,0,7,15,25,32,34,39,46,48,45,46,53,50,0,0,0,0,0,0,0,0,0,0,0,0,12,23,34,41,43,40,38,37,38,39,38,33,0,0,0,0,0,0,0,0,0,0,0,0,7,12,18,23,27,31,33,33,33,36,40,36,0,0,0,0,0,0,0,0,0,0,0,0,9,18,27,34,35,36,39,41,41,43,49,50,0,0,0,0,0,0,0,0,0,0,0,0,10,21,33,41,42,42,44,49,54,56,56,50,0,0,0,0,0,0,0,0,0,0,0,0,18,34,56,76,89,90,86,86,93,100,95,75,0,0,0,0,0,0,0,0,0,0,0,0,0,23,48,71,78,71,68,72,73,72,70,51,0,0,0,0
ChIJqw-SpvFWzpQROa316Af9qUE,Pão de Açúcar,-23.586217,-46.7214582,"Av. Prof. Francisco Morato, 2385 - Butantã, São Paulo - SP, 05513-300, Brazil",medio,butanta,0,0,0,0,0,0,0,36,65,80,74,56,45,43,47,50,52,53,58,65,69,61,43,22,0,0,0,0,0,0,0,51,74,87,85,73,61,53,50,49,46,41,37,36,39,36,22,8,0,0,0,0,0,0,0,34,59,71,63,52,48,50,52,52,51,50,51,50,45,34,22,10,0,0,0,0,0,0,0,49,75,86,79,68,63,61,58,53,49,48,50,53,50,41,29,16,0,0,0,0,0,0,0,35,73,98,88,60,43,42,49,56,60,60,60,64,71,68,50,26,0,0,0,0,0,0,0,31,62,90,100,88,69,57,56,58,58,55,54,60,67,63,45,23,0,0,0,0,0,0,0,24,41,58,68,69,64,58,54,55,58,61,62,59,51,38,24,0
ChIJzRnX4p5XzpQRuSInjP62mq0,Pão de Açúcar,-23.5640183,-46.686986,"R. Teodoro Sampaio, 1933 - Pinheiros, São Paulo - SP, 05405-200, Brazil",medio,pinheiros,0,0,0,0,0,0,11,27,42,49,53,61,70,72,68,65,68,76,82,79,67,50,31,16,0,0,0,0,0,0,0,0,34,35,42,53,61,62,58,56,58,63,66,63,54,40,26,14,0,0,0,0,0,0,13,25,34,39,44,50,54,52,47,43,45,53,63,68,64,51,35,20,0,0,0,0,0,0,20,45,55,53,58,70,75,71,64,62,67,77,85,84,74,56,37,21,0,0,0,0,0,0,25,48,54,53,63,78,88,90,85,79,78,84,94,100,93,75,51,28,0,0,0,0,0,0,12,23,38,56,73,85,91,91,88,87,89,90,85,78,77,79,68,39,0,0,0,0,0,0,0,14,28,46,64,77,81,78,71,69,75,83,86,85,77,52,22,0
ChIJA-hBFIRXzpQRx-yH166EsA4,DIA Supermercado,-23.5569503,-46.676334,"R. Teodoro Sampaio, 599 - Pinheiros, São Paulo - SP, 05405-050, Brazil",medio,pinheiros,0,0,0,0,0,0,0,0,46,86,98,76,56,56,64,71,72,66,56,83,63,0,0,0,0,0,0,0,0,0,0,0,36,67,91,95,82,69,66,70,75,74,65,53,38,0,0,0,0,0,0,0,0,0,0,0,40,61,60,44,33,33,36,34,34,42,51,46,26,0,0,0,0,0,0,0,0,0,0,0,50,67,66,56,55,60,53,38,38,64,93,84,44,0,0,0,0,0,0,0,0,0,0,0,62,81,82,71,67,75,84,85,73,54,65,100,37,0,0,0,0,0,0,0,0,0,0,0,14,26,41,53,57,53,47,43,39,38,45,55,43,0,0,0,0,0,0,0,0,0,0,0,10,28,46,53,55,59,58,50,46,52,58,46,23,0,0,0
ChIJT5hh3YFXzpQRl4w5__cW2ng,Pão de Açúcar,-23.5612387,-46.67407629999999,"R. Alves Guimarães, 50 - Pinheiros, São Paulo - SP, 05401-000, Brazil",medio,pinheiros,0,0,0,0,0,0,0,25,49,56,48,46,56,64,60,50,49,66,91,100,81,47,0,0,0,0,0,0,0,0,0,32,64,77,73,75,82,83,75,66,63,69,76,74,58,35,0,0,0,0,0,0,0,0,0,35,48,53,51,51,55,57,54,47,44,50,60,65,55,36,0,0,0,0,0,0,0,0,0,45,64,71,70,74,83,85,74,60,56,67,82,81,59,32,0,0,0,0,0,0,0,0,0,31,57,76,78,69,63,64,68,71,70,71,82,94,82,47,0,0,0,0,0,0,0,0,0,16,30,47,60,69,73,71,65,61,64,74,81,75,56,32,0,0,0,0,0,0,0,0,0,12,21,33,47,60,70,74,70,62,55,62,77,70,39,0,0,0
ChIJp3SsnoZXzpQR-PV6US6AyeU,Luzita Indústria e Comércio,-23.556271,-46.6751217,"Rua Oscar Freire, 1853 - Pinheiros, São Paulo - SP, 05409-011, Brazil",medio,pinheiros,0,0,0,0,0,0,0,28,57,70,67,75,94,100,82,57,45,56,74,76,55,27,0,0,0,0,0,0,0,0,0,41,59,58,60,77,90,82,62,50,56,71,77,66,43,20,0,0,0,0,0,0,0,0,0,51,41,27,41,58,69,71,63,50,42,50,68,73,53,23,0,0,0,0,0,0,0,0,0,44,62,55,51,69,92,95,75,50,42,56,75,76,54,25,0,0,0,0,0,0,0,0,0,77,75,27,43,76,99,97,73,46,38,52,72,76,56,27,0,0,0,0,0,0,0,0,0,14,34,49,52,55,70,85,84,65,45,42,48,46,31,12,0,0,0,0,0,0,0,0,0,0,17,33,49,62,66,59,45,33,36,55,67,51,0,0,0,0
ChIJrypQ5C9XzpQRCsHt1UzruFM,DIA Supermercado,-23.5531218,-46.690192,"R. Purpurina, 170 - Sumarezinho, São Paulo - SP, 05435-030, Brazil",medio,pinheiros,0,0,0,0,0,0,0,0,32,46,44,43,53,60,51,42,54,83,100,84,49,0,0,0,0,0,0,0,0,0,0,0,23,44,64,73,68,56,53,62,78,84,74,53,30,0,0,0,0,0,0,0,0,0,0,0,35,29,35,47,54,56,56,60,69,76,69,47,23,0,0,0,0,0,0,0,0,0,0,0,21,42,62,69,64,58,60,68,74,77,88,94,58,0,0,0,0,0,0,0,0,0,0,0,27,51,72,77,68,55,55,67,85,93,86,65,40,0,0,0,0,0,0,0,0,0,0,0,23,47,63,68,76,86,82,64,58,75,91,77,41,0,0,0,0,0,0,0,0,0,0,0,13,37,68,80,66,52,59,73,76,76,71,49,20,0,0,0
ChIJfearODVWzpQRSsho3Iz_SiM,Pão de Açúcar,-23.5539845,-46.71020349999999,"Praça Panamericana, 217 - Alto de Pinheiros, São Paulo - SP, 05461-010, Brazil",medio,alto de pinheiros,0,0,0,0,0,0,18,31,45,60,71,76,74,66,58,54,60,68,68,56,45,43,40,26,0,0,0,0,0,0,18,33,52,70,85,93,92,85,75,65,58,54,51,47,40,31,21,12,0,0,0,0,0,0,11,22,35,49,62,70,71,66,57,50,47,49,52,51,46,38,26,13,0,0,0,0,0,0,13,27,45,64,79,85,83,75,69,65,63,59,55,54,53,47,35,20,0,0,0,0,0,0,25,48,68,80,86,92,98,100,92,80,69,65,66,68,64,53,37,22,0,0,0,0,0,0,13,26,41,58,74,84,87,81,71,61,55,57,63,68,66,55,39,22,0,0,0,0,0,0,0,9,20,35,52,66,72,70,62,56,57,63,67,66,66,61,40,14
ChIJFS3HO6lXzpQR1OR24rfcL0o,Pão de Açúcar,-23.5493956,-46.6827482,"R. Heitor Penteado, 250 - Sumaré, São Paulo - SP, 03178-200, Brazil",medio,perdizes,0,0,0,0,0,0,0,15,25,36,48,57,62,61,57,53,56,68,80,80,61,35,0,0,0,0,0,0,0,0,0,14,27,43,60,74,80,79,72,65,63,65,65,57,42,25,0,0,0,0,0,0,0,0,0,13,22,33,44,51,54,51,44,38,42,57,74,73,51,24,0,0,0,0,0,0,0,0,0,27,44,37,45,60,68,68,61,57,61,71,79,74,56,34,0,0,0,0,0,0,0,0,0,32,54,63,61,63,68,68,62,54,52,67,90,100,81,46,0,0,0,0,0,0,0,0,0,14,28,46,63,74,75,68,62,65,72,73,70,71,59,31,0,0,0,0,0,0,0,0,0,3,12,28,50,72,86,84,72,60,61,72,81,75,55,30,0,0
ChIJsZvMf-5XzpQRmKzGSxItt5U,Pão de Açúcar,-23.5405847,-46.68222299999999,"Rua Apinajés, 1147 - Sumaré, São Paulo - SP, 05017-000, Brazil",medio,perdizes,0,0,0,0,0,0,0,13,21,30,39,45,49,47,42,41,46,61,77,78,60,35,0,0,0,0,0,0,0,0,0,9,17,28,39,50,57,58,54,46,42,54,83,100,77,35,0,0,0,0,0,0,0,0,0,7,14,23,33,40,43,41,35,29,32,46,64,72,61,37,0,0,0,0,0,0,0,0,0,18,26,35,42,46,48,44,40,36,42,58,78,82,64,36,0,0,0,0,0,0,0,0,0,14,21,28,35,40,41,38,35,35,46,71,96,100,77,43,0,0,0,0,0,0,0,0,0,11,20,31,43,54,61,61,56,50,47,53,68,73,51,21,0,0,0,0,0,0,0,0,0,0,9,24,47,71,84,78,59,48,62,87,82,44,0,0,0,0
ChIJARQoxPFXzpQRQkhgwmisWoA,Pão de Açúcar - Rua Apiacás - SP,-23.5383264,-46.6791716,"R. Apiacás, 747 - Perdizes, São Paulo - SP, 05017-020, Brazil",medio,perdizes,0,0,0,0,0,0,0,19,37,56,68,71,72,72,69,65,66,80,100,100,71,35,0,0,0,0,0,0,0,0,0,25,42,63,84,97,100,91,79,73,78,77,71,71,63,38,0,0,0,0,0,0,0,0,0,12,28,49,67,75,68,55,47,49,59,70,78,75,59,36,0,0,0,0,0,0,0,0,0,25,40,56,70,79,79,73,65,61,68,81,90,86,67,41,0,0,0,0,0,0,0,0,0,24,40,57,70,75,69,59,57,76,95,86,70,82,82,43,0,0,0,0,0,0,0,0,0,17,34,56,78,93,96,89,79,73,71,72,78,82,66,33,0,0,0,0,0,0,0,0,0,0,22,43,66,86,94,87,70,59,64,76,70,42,0,0,0,0
ChIJd2jYH_dXzpQRhZtEvj9kIAQ,St. Marche Perdizes Sumaré,-23.535738,-46.6739669,"Av. Sumaré, 721 - Perdizes, São Paulo - SP, 05016-090, Brazil",medio,perdizes,0,0,0,0,0,0,0,34,61,74,69,65,68,69,61,53,58,77,96,100,81,50,0,0,0,0,0,0,0,0,0,35,59,81,93,92,82,70,64,66,72,76,75,66,52,36,0,0,0,0,0,0,0,0,0,24,43,60,69,71,68,62,56,56,65,79,87,80,60,35,0,0,0,0,0,0,0,0,0,37,56,71,77,74,63,53,50,56,71,87,94,87,70,47,0,0,0,0,0,0,0,0,0,34,59,81,93,90,79,68,65,72,84,93,96,89,74,55,0,0,0,0,0,0,0,0,0,19,41,62,75,76,70,65,65,70,77,82,83,77,67,52,0,0,0,0,0,0,0,0,0,0,18,46,59,76,91,79,60,56,65,75,78,72,59,43,0,0
ChIJ0dAq-eZXzpQRtbJx_mzfeqI,St. Marche Perdizes Cotoxó,-23.5350368,-46.6871519,"R. Cotoxó, 974 - Perdizes, São Paulo - SP, 05021-001, Brazil",medio,perdizes,0,0,0,0,0,0,0,0,29,41,53,61,65,65,63,63,69,77,84,93,87,50,14,0,0,0,0,0,0,0,0,0,44,65,80,84,77,68,67,76,82,76,80,100,83,34,5,0,0,0,0,0,0,0,0,0,29,43,57,67,71,67,58,50,52,66,84,86,66,37,14,0,0,0,0,0,0,0,0,0,43,61,74,75,67,57,56,66,77,73,62,68,72,38,7,0,0,0,0,0,0,0,0,0,51,66,71,69,67,69,72,71,70,77,90,89,64,31,9,0,0,0,0,0,0,0,0,0,39,60,74,77,71,63,62,68,71,70,74,82,72,43,15,0,0,0,0,0,0,0,0,0,0,41,62,79,87,83,74,68,72,83,89,83,63,0,0,0
ChIJlfkoBOdXzpQR4uVSbRo4qKY,Pão de Açúcar,-23.5355518,-46.68797060000001,"Av. Prof. Alfonso Bovero, 1425 - Pompeia, São Paulo - SP, 05019-011, Brazil",medio,perdizes,0,0,0,0,0,0,0,14,28,47,66,79,82,77,71,72,81,93,100,93,75,51,29,0,0,0,0,0,0,0,0,23,47,66,81,93,94,82,72,72,76,78,74,64,49,34,22,0,0,0,0,0,0,0,0,13,25,39,51,58,58,54,51,54,62,71,75,70,57,40,24,0,0,0,0,0,0,0,0,25,44,57,65,73,79,78,72,67,70,78,84,81,66,46,27,0,0,0,0,0,0,0,0,21,35,52,68,80,85,82,77,74,79,90,99,98,82,58,34,0,0,0,0,0,0,0,0,20,36,58,79,95,100,93,80,72,77,89,94,86,73,57,30,0,0,0,0,0,0,0,0,15,31,53,74,88,93,94,89,81,70,68,81,94,79,43,0,0
ChIJW1b8ahtYzpQRrBq6BPI5PNA,Sonda Supermercados - Água Branca,-23.5271,-46.671913,"Av. Francisco Matarazzo, 892 - Barra Funda, São Paulo - SP, 05001-100, Brazil",medio,barra funda,0,0,0,0,0,0,0,0,35,39,42,51,61,63,56,49,48,55,63,63,53,0,0,0,0,0,0,0,0,0,0,0,36,45,51,60,68,69,63,54,48,46,47,44,35,0,0,0,0,0,0,0,0,0,0,0,45,49,52,59,66,65,56,49,48,52,54,50,40,0,0,0,0,0,0,0,0,0,0,0,33,37,42,49,57,59,54,48,47,51,55,53,44,0,0,0,0,0,0,0,0,0,0,0,41,48,52,58,63,65,62,59,58,62,65,63,54,0,0,0,0,0,0,0,0,0,0,0,46,68,87,99,100,92,83,80,84,87,83,73,63,0,0,0,0,0,0,0,0,0,0,0,30,48,67,81,85,80,68,58,55,60,63,57,0,0,0,0
ChIJb00Dt-JXzpQR_pktmsvEeGs,Hipermercado Zaffari São Paulo,-23.526653,-46.6809748,"R. Palestra Itália, 500 - Perdizes, São Paulo - SP, 05005-030, Brazil",medio,barra funda,0,0,0,0,0,0,0,0,7,14,23,36,48,59,65,65,62,60,63,69,65,49,27,0,0,0,0,0,0,0,0,0,8,17,29,42,55,63,64,60,55,53,55,55,47,32,17,0,0,0,0,0,0,0,0,0,6,12,20,28,36,43,46,46,44,43,47,51,47,34,18,0,0,0,0,0,0,0,0,0,7,14,23,33,42,50,54,57,58,57,59,62,62,48,26,0,0,0,0,0,0,0,0,0,8,15,24,37,49,59,65,64,61,60,66,75,73,54,30,0,0,0,0,0,0,0,0,0,10,22,39,56,68,77,87,95,98,95,92,91,81,60,34,0,0,0,0,0,0,0,0,0,0,15,35,54,63,69,83,97,100,95,96,93,70,35,0,0
ChIJbaXyNOv4zpQRK68o7noESAE,Mambo supermarkets - Vila Leopoldina,-23.5221016,-46.7247334,"R. Aliança Liberal, 322 - Vila Leopoldina, São Paulo - SP, 05088-000, Brazil",grande,vila leopoldina,0,0,0,0,0,0,0,20,33,48,61,69,69,64,62,74,89,88,79,81,71,37,9,0,0,0,0,0,0,0,0,20,41,67,90,98,91,77,68,69,74,74,69,58,42,24,11,0,0,0,0,0,0,0,0,18,32,48,59,62,60,57,57,56,55,59,64,61,43,22,8,0,0,0,0,0,0,0,0,18,32,50,68,79,81,74,63,57,64,77,85,76,53,29,11,0,0,0,0,0,0,0,0,25,40,56,69,74,73,67,66,71,83,93,92,77,54,31,14,0,0,0,0,0,0,0,0,20,36,56,76,89,91,82,71,68,80,94,97,87,63,33,11,0,0,0,0,0,0,0,0,0,22,46,75,98,100,82,61,55,67,85,89,72,45,20,0,0
ChIJk766d4H4zpQR6Bofz84tAUg,Pão de Açúcar,-23.53477879999999,-46.7129506,"R. Bairi, 435 - Alto da Lapa, São Paulo - SP, 05061-300, Brazil",medio,lapa,0,0,0,0,0,0,0,25,40,55,68,75,74,68,61,59,66,79,89,88,74,51,29,0,0,0,0,0,0,0,0,38,50,56,67,79,79,69,60,62,70,76,75,65,49,32,18,0,0,0,0,0,0,0,0,30,40,45,49,56,62,60,53,50,55,66,74,70,55,36,19,0,0,0,0,0,0,0,0,30,44,55,64,71,76,74,67,59,60,70,81,82,68,45,24,0,0,0,0,0,0,0,0,35,52,62,67,72,75,75,71,70,76,85,90,84,68,46,26,0,0,0,0,0,0,0,0,12,28,51,76,95,100,90,76,66,66,70,71,64,49,31,17,0,0,0,0,0,0,0,0,7,17,33,51,62,63,56,48,44,43,45,55,61,46,20,0,0
ChIJ2_zBeGT5zpQRcav-hpNz1wg,DIA Supermercado,-23.5338462,-46.72860800000001,"Av. Imperatriz Leopoldina, 1444 - Vila Leopoldina, São Paulo - SP, 05305-002, Brazil",medio,vila leopoldina,0,0,0,0,0,0,0,0,29,12,24,41,52,47,34,27,42,70,81,58,23,0,0,0,0,0,0,0,0,0,0,0,6,25,48,69,78,72,59,54,60,63,54,60,36,0,0,0,0,0,0,0,0,0,0,0,16,29,21,34,47,50,47,48,62,71,56,27,4,0,0,0,0,0,0,0,0,0,0,0,38,38,33,49,59,59,50,42,52,80,100,82,41,0,0,0,0,0,0,0,0,0,0,0,33,30,41,68,85,78,58,47,58,80,88,67,33,0,0,0,0,0,0,0,0,0,0,0,8,37,50,54,66,67,53,46,63,88,83,47,12,0,0,0,0,0,0,0,0,0,0,0,8,27,38,72,78,52,0,0,0,0,0,0,0,0,0,0
ChIJFRCpe2X5zpQRyV2qBX2S3Os,Oba Hortifruti - Vila Leopoldina,-23.531838,-46.7321679,"Rua Fröben, 99 - Vila Leopoldina, São Paulo - SP, 05315-010, Brazil",medio,vila leopoldina,0,0,0,0,0,0,0,7,19,32,43,51,57,58,51,47,52,64,71,65,46,25,0,0,0,0,0,0,0,0,0,16,28,43,59,70,74,71,62,54,51,53,52,44,30,16,0,0,0,0,0,0,0,0,0,11,20,31,42,51,55,53,46,40,39,43,45,39,26,13,0,0,0,0,0,0,0,0,0,14,24,31,37,48,61,64,54,45,46,54,57,48,31,15,0,0,0,0,0,0,0,0,0,22,37,41,42,52,65,67,55,44,46,58,67,60,40,19,0,0,0,0,0,0,0,0,0,12,23,40,60,76,82,75,63,55,59,69,72,61,41,20,0,0,0,0,0,0,0,0,0,6,17,38,66,91,100,88,66,51,52,65,72,60,38,17,0,0
ChIJrdeHAqf4zpQRIAu_YTUtFoQ,Grupo St Marche / Empório Santa Maria / Eataly Brasil,-23.5425475,-46.735305,"Avenida Manuel Bandeira 291 Bloco D - 2o andar - Vila Leopoldina, São Paulo - SP, 05317-020, Brazil",medio,vila leopoldina,0,0,0,0,0,0,0,8,23,41,54,54,45,41,44,46,39,25,0,0,0,0,0,0,0,0,0,0,0,0,0,14,24,36,48,58,62,61,54,43,32,22,0,0,0,0,0,0,0,0,0,0,0,0,0,2,20,63,96,76,45,45,57,55,40,21,0,0,0,0,0,0,0,0,0,0,0,0,0,2,19,62,100,85,54,53,64,61,43,22,0,0,0,0,0,0,0,0,0,0,0,0,0,5,19,45,71,76,62,52,54,54,40,20,0,0,0,0,0,0,0,0,0,0,0,0,0,0,0,0,0,0,0,0,0,0,0,0,0,0,0,0,0,0,0,0,0,0,0,0,0,0,0,0,0,0,0,0,0,0,0,0,0,0,0,0,0,0
ChIJL1xIJrz4zpQRFIa9W0Qdj24,Pão de Açúcar,-23.5292865,-46.7321727,"Av. Imperatriz Leopoldina, 845 - Vila Leopoldina, São Paulo - SP, 05305-011, Brazil",medio,vila leopoldina,0,0,0,0,0,0,0,11,20,30,37,45,54,57,51,41,37,46,63,71,60,37,0,0,0,0,0,0,0,0,0,17,34,47,53,58,66,71,65,53,45,48,57,56,40,20,0,0,0,0,0,0,0,0,0,12,22,33,41,44,42,39,37,36,36,38,43,50,44,26,0,0,0,0,0,0,0,0,0,21,32,38,43,51,57,57,50,41,40,47,57,59,50,34,0,0,0,0,0,0,0,0,0,16,27,39,52,62,68,68,63,56,56,68,90,100,83,49,0,0,0,0,0,0,0,0,0,16,29,47,64,76,79,75,67,63,64,66,69,70,62,39,0,0,0,0,0,0,0,0,0,0,15,32,54,72,78,72,62,53,47,56,76,77,48,0,0,0
ChIJL13YB0j5zpQRtij0GB4lSew,DIA Supermercado,-23.5268231,-46.7331271,"R. Trípoli, 128 / 134 - Vila Leopoldina, São Paulo - SP, 05303-020, Brazil",medio,vila leopoldina,0,0,0,0,0,0,0,0,15,39,44,39,42,39,34,42,63,78,78,60,34,0,0,0,0,0,0,0,0,0,0,0,15,34,47,44,31,18,18,28,47,57,57,44,28,0,0,0,0,0,0,0,0,0,0,0,7,23,39,42,28,18,23,44,71,81,71,47,21,0,0,0,0,0,0,0,0,0,0,0,18,39,52,50,34,28,39,57,76,81,73,57,36,0,0,0,0,0,0,0,0,0,0,0,18,28,42,47,44,39,34,42,71,100,100,65,28,0,0,0,0,0,0,0,0,0,0,0,18,39,55,55,44,28,21,23,31,36,31,21,13,0,0,0,0,0,0,0,0,0,0,0,5,26,57,68,44,28,28,28,26,28,34,26,10,0,0,0
ChIJaW8ERL_4zpQRhP4a3dhhHzc,St Marche Supermarket,-23.5256653,-46.7329216,"R. Carlos Weber, 502 - City Lapa, São Paulo - SP, 05303-000, Brazil",medio,vila leopoldina,0,0,0,0,0,0,0,7,12,17,23,27,29,29,27,23,21,29,48,59,46,22,0,0,0,0,0,0,0,0,0,9,14,19,25,29,32,33,31,28,26,27,35,41,36,22,0,0,0,0,0,0,0,0,0,7,10,14,19,22,24,25,24,21,22,28,40,45,36,19,0,0,0,0,0,0,0,0,0,7,11,16,21,26,30,32,32,30,26,26,36,49,48,28,0,0,0,0,0,0,0,0,0,9,18,26,27,27,31,35,38,38,39,47,64,72,56,28,0,0,0,0,0,0,0,0,0,0,14,24,34,43,48,47,42,39,44,57,69,68,52,31,0,0,0,0,0,0,0,0,0,0,14,28,45,61,70,67,55,42,46,73,100,86,44,12,0,0
ChIJpWlfdTv5zpQRWI9F-CmZ_xg,São Jorge Atacadista,-23.5242984,-46.7373378,"Av. Imperatriz Leopoldina, 60 - Vila Leopoldina, São Paulo - SP, 05305-010, Brazil",grande,vila leopoldina,0,0,0,0,0,0,0,19,28,23,26,35,40,39,37,44,65,90,100,82,48,17,0,0,0,0,0,0,0,0,0,19,32,32,28,33,41,42,38,36,43,59,69,62,40,16,0,0,0,0,0,0,0,0,0,19,31,18,19,29,35,33,27,25,35,54,67,62,39,15,0,0,0,0,0,0,0,0,0,17,38,42,33,29,35,43,46,44,45,59,77,73,43,11,0,0,0,0,0,0,0,0,0,13,28,43,54,57,52,45,44,53,71,88,90,76,51,25,0,0,0,0,0,0,0,0,0,6,26,26,27,41,52,54,49,47,54,66,68,54,31,10,0,0,0,0,0,0,0,0,0,1,13,26,44,67,76,63,44,28,15,0,0,0,0,0,0,0
ChIJW_Hd7jr5zpQRgG4v8AL-S4M,DIA Supermercado,-23.52378719999999,-46.7367959,"R. Guaipá, 1597 - Vila Leopoldina, São Paulo - SP, 05089-001, Brazil",medio,vila leopoldina,0,0,0,0,0,0,0,0,6,12,17,18,18,22,28,33,40,58,75,62,28,0,0,0,0,0,0,0,0,0,0,0,17,27,35,37,33,24,18,27,51,77,75,47,17,0,0,0,0,0,0,0,0,0,0,0,10,17,24,29,29,24,18,16,27,48,60,47,24,0,0,0,0,0,0,0,0,0,0,0,9,18,31,43,48,47,39,36,48,62,67,87,43,0,0,0,0,0,0,0,0,0,0,0,14,29,39,37,36,37,33,31,48,85,100,71,29,0,0,0,0,0,0,0,0,0,0,0,8,20,33,45,56,64,54,39,48,72,74,47,18,0,0,0,0,0,0,0,0,0,0,0,9,21,39,58,67,62,40,24,33,63,81,63,29,0,0,0
ChIJcf4EqKFXzpQR2f8O708g8zY,Mercado Municipal de Pinheiros,-23.5656476,-46.6925179,"R. Pedro Cristi, 89 - Pinheiros, São Paulo - SP, 05421-040, Brazil",grande,pinheiros,0,0,0,0,0,0,0,0,24,35,44,52,57,61,67,74,77,68,0,0,0,0,0,0,0,0,0,0,0,0,0,0,26,37,46,53,56,57,58,62,65,60,0,0,0,0,0,0,0,0,0,0,0,0,0,0,23,30,37,45,53,59,62,62,57,50,0,0,0,0,0,0,0,0,0,0,0,0,0,0,27,38,48,58,67,74,78,76,68,58,0,0,0,0,0,0,0,0,0,0,0,0,0,0,30,41,52,63,73,81,86,85,78,66,0,0,0,0,0,0,0,0,0,0,0,0,0,0,24,38,55,73,88,99,100,89,70,47,0,0,0,0,0,0,0,0,0,0,0,0,0,0,0,0,0,0,0,0,0,0,0,0,0,0,0,0,0,0
ChIJl9TCRrxXzpQRe0vf0tOMQXg,Pomar da Vila,-23.5555281,-46.6930401,"R. Mourato Coelho, 1458 - Vila Madalena, São Paulo - SP, 05417-000, Brazil",medio,pinheiros,0,0,0,0,0,0,0,14,34,61,80,83,76,70,63,55,56,73,87,74,42,0,0,0,0,0,0,0,0,0,0,14,32,58,85,100,96,79,65,66,77,83,72,48,24,0,0,0,0,0,0,0,0,0,0,15,33,53,65,64,54,47,48,52,58,71,79,62,31,0,0,0,0,0,0,0,0,0,0,9,27,55,82,90,79,65,58,56,56,62,71,66,42,0,0,0,0,0,0,0,0,0,0,11,28,52,74,82,75,63,58,65,76,82,77,62,43,0,0,0,0,0,0,0,0,0,0,10,25,46,67,80,79,67,57,56,61,64,57,42,0,0,0,0,0,0,0,0,0,0,0,7,18,36,59,78,82,70,50,42,55,43,0,0,0,0,0,0
ChIJMRDB6sZXzpQRc_L_x9JS-gk,Natural da Terra,-23.5465736,-46.6959654,"Av. das Corujas, 456 - Sumarezinho, São Paulo - SP, 05442-050, Brazil",medio,alto de pinheiros,0,0,0,0,0,0,0,21,37,58,78,91,93,84,72,67,75,86,85,67,40,18,0,0,0,0,0,0,0,0,0,20,39,61,80,94,100,96,85,72,65,63,59,49,33,18,0,0,0,0,0,0,0,0,0,20,35,52,67,74,73,65,59,59,63,65,58,44,27,13,0,0,0,0,0,0,0,0,0,19,33,49,66,79,83,79,71,65,66,69,68,57,39,22,0,0,0,0,0,0,0,0,0,16,34,57,80,95,95,83,68,60,62,68,67,56,38,21,0,0,0,0,0,0,0,0,0,18,30,45,61,73,79,76,68,61,59,62,62,53,36,18,0,0,0,0,0,0,0,0,0,12,19,31,53,78,88,74,52,43,52,65,68,57,37,19,0,0
ChIJC_zGhRZXzpQRZOsKuAEcnek,Super Saudável Supermercado,-23.5432393,-46.71121910000001,"Av. São Gualter, 931 - Alto de Pinheiros, São Paulo - SP, 05455-001, Brazil",medio,alto de pinheiros,0,0,0,0,0,0,0,0,37,62,69,61,51,47,46,50,60,69,65,46,23,0,0,0,0,0,0,0,0,0,0,0,47,81,95,82,62,62,71,67,47,33,33,34,23,0,0,0,0,0,0,0,0,0,0,0,43,65,78,75,64,55,51,51,48,42,41,47,30,0,0,0,0,0,0,0,0,0,0,0,44,73,81,69,62,62,62,58,57,63,62,41,15,0,0,0,0,0,0,0,0,0,0,0,48,85,100,89,74,62,51,46,54,63,57,32,10,0,0,0,0,0,0,0,0,0,0,0,30,53,68,68,57,45,41,44,48,47,41,31,21,0,0,0,0,0,0,0,0,0,0,0,11,26,46,66,76,72,58,47,47,54,50,32,12,0,0,0
ChIJm5rLVyhWzpQRt_rtPELirxI,Lodetti,-23.5407526,-46.7169093,"R. Pio XI, 2360 - Alto da Lapa, São Paulo - SP, 05468-140, Brazil",medio,alto de pinheiros,0,0,0,0,0,0,0,20,35,50,60,61,55,47,41,38,39,48,61,57,30,0,0,0,0,0,0,0,0,0,0,14,30,45,56,64,67,61,50,45,52,63,61,42,19,0,0,0,0,0,0,0,0,0,0,23,33,40,48,57,61,58,51,45,48,53,51,38,20,0,0,0,0,0,0,0,0,0,0,35,49,54,55,58,60,59,52,48,51,61,63,48,25,0,0,0,0,0,0,0,0,0,0,32,52,62,62,63,68,70,60,47,43,50,55,50,35,0,0,0,0,0,0,0,0,0,0,10,26,48,72,92,100,92,77,63,61,66,63,45,22,0,0,0,0,0,0,0,0,0,0,0,19,39,63,85,97,95,80,64,62,76,73,39,0,0,0,0
ChIJRU9dA7FxVwERyQ6Xn-CgcRU,SACOLAO SAO JORGE,-23.5409915,-46.7155402,"R. Pio XI, 2229 - Alto de Pinheiros, São Paulo - SP, 05468-140, Brazil",medio,alto de pinheiros,0,0,0,0,0,0,0,13,29,47,61,66,60,52,52,68,91,100,89,81,70,29,0,0,0,0,0,0,0,0,0,16,35,56,72,77,69,57,49,51,59,65,61,48,30,13,0,0,0,0,0,0,0,0,0,21,43,31,31,41,45,41,36,36,47,62,66,52,30,9,0,0,0,0,0,0,0,0,0,28,36,36,45,58,62,55,44,39,45,57,65,60,42,22,0,0,0,0,0,0,0,0,0,24,54,71,67,59,56,52,46,46,56,71,79,72,52,29,0,0,0,0,0,0,0,0,0,8,21,36,52,61,62,55,43,37,43,58,68,59,36,13,0,0,0,0,0,0,0,0,0,7,19,37,54,67,70,63,48,31,16,0,0,0,0,0,0,0
ChIJW_8JA6NXzpQRB9selR2EOWw,Mambo Supermarket - Vila Madalena,-23.5606154,-46.6924611,"R. Dep. Lacerda Franco, 553 - Vila Madalena, São Paulo - SP, 05418-001, Brazil",medio,pinheiros,0,0,0,0,0,0,0,24,44,64,81,89,90,86,79,76,80,87,91,83,63,39,19,0,0,0,0,0,0,0,0,31,54,74,88,96,99,96,88,80,77,76,75,66,50,31,16,0,0,0,0,0,0,0,0,23,42,59,69,74,74,72,67,64,63,66,67,63,53,39,24,0,0,0,0,0,0,0,0,29,47,67,85,95,94,86,78,76,79,85,85,75,57,36,19,0,0,0,0,0,0,0,0,32,52,72,88,93,90,82,78,79,84,88,88,80,66,49,33,0,0,0,0,0,0,0,0,27,44,65,85,98,100,92,80,72,73,79,83,76,60,39,22,0,0,0,0,0,0,0,0,0,24,43,63,78,83,77,67,62,67,78,82,71,49,25,0,0
ChIJf7QiOJdXzpQRmSh6o4E5RLE,Hirota Food Supermarket,-23.5549972,-46.6855121,"R. Medeiros de Albuquerque, 352 - Vila Madalena, São Paulo - SP, 05416-030, Brazil",medio,pinheiros,0,0,0,0,0,0,0,0,23,39,58,75,85,85,76,61,54,65,84,77,44,14,0,0,0,0,0,0,0,0,0,0,34,58,70,79,90,89,74,54,45,57,77,74,46,17,0,0,0,0,0,0,0,0,0,0,23,37,52,66,73,71,61,47,38,49,76,79,47,14,0,0,0,0,0,0,0,0,0,0,30,46,62,75,81,78,67,55,53,70,91,82,46,15,0,0,0,0,0,0,0,0,0,0,29,52,78,96,100,88,70,59,62,73,80,72,51,28,0,0,0,0,0,0,0,0,0,0,33,47,64,81,85,74,57,50,61,82,91,75,45,20,0,0,0,0,0,0,0,0,0,0,15,38,65,84,92,87,64,35,0,0,0,0,0,0,0,0
ChIJr8v3BCn_zpQRUoEcY0Z-3mU,Supermercado Castanha,-23.5162838,-46.7549224,"Praça Santa Edwiges, 29 - Vila dos Remedios, São Paulo - SP, 05104-000, Brazil",medio,jaguara,0,0,0,0,0,0,0,0,18,31,43,48,45,43,48,57,61,65,76,77,49,0,0,0,0,0,0,0,0,0,0,0,23,43,58,62,60,57,52,50,56,65,63,47,26,0,0,0,0,0,0,0,0,0,0,0,15,25,31,31,28,28,34,42,47,53,59,55,35,0,0,0,0,0,0,0,0,0,0,0,15,30,42,44,41,41,44,46,49,61,74,66,38,0,0,0,0,0,0,0,0,0,0,0,18,32,44,48,46,44,48,55,60,64,76,78,50,0,0,0,0,0,0,0,0,0,0,0,18,41,61,68,69,71,72,68,63,68,76,70,45,0,0,0,0,0,0,0,0,0,0,0,0,42,74,99,100,76,45,25,21,26,26,16,0,0,0,0
ChIJfxaVXtj5zpQRU9b4pFmxGn4,DIA Supermercado,-23.5257062,-46.69792289999999,"R. Aurélia, 440 - Lapa, São Paulo - SP, 05046-000, Brazil",medio,barra funda,0,0,0,0,0,0,0,0,11,20,27,36,42,43,36,25,27,50,68,54,23,0,0,0,0,0,0,0,0,0,0,0,11,24,36,46,48,44,41,43,53,63,62,46,25,0,0,0,0,0,0,0,0,0,0,0,5,18,31,40,43,42,42,40,38,38,56,58,23,0,0,0,0,0,0,0,0,0,0,0,20,32,42,43,42,42,48,60,69,68,55,36,17,0,0,0,0,0,0,0,0,0,0,0,23,49,50,39,41,50,52,44,46,75,100,70,21,0,0,0,0,0,0,0,0,0,0,0,12,42,73,79,64,52,51,47,39,45,57,47,19,0,0,0,0,0,0,0,0,0,0,0,10,26,44,68,84,68,36,20,20,23,18,8,1,0,0,0
ChIJDSZhR3f4zpQRYT-S7xHwg9w,Pão de Açúcar,-23.5284281,-46.69845420000001,"R. Tito, 639/705 - Vila Romana, São Paulo - SP, 05051-000, Brazil",medio,lapa,0,0,0,0,0,0,0,12,20,31,41,48,50,47,43,42,48,59,67,64,49,30,0,0,0,0,0,0,0,0,0,14,25,38,49,56,57,53,50,49,51,53,52,45,34,22,0,0,0,0,0,0,0,0,0,12,20,30,39,44,44,41,36,35,39,46,49,45,34,21,0,0,0,0,0,0,0,0,0,13,23,34,42,45,46,46,48,49,48,50,62,71,54,24,0,0,0,0,0,0,0,0,0,26,44,43,45,55,62,62,57,55,58,67,71,65,49,29,0,0,0,0,0,0,0,0,0,12,24,41,58,70,73,68,62,60,62,64,64,67,57,29,0,0,0,0,0,0,0,0,0,0,20,41,68,91,100,89,67,47,40,48,58,56,41,22,0,0
ChIJ6UQeJOj5zpQRm55huU5y_1k,DIA Supermercado,-23.5280187,-46.70277579999999,"R. Tito, 1132 - Lapa, São Paulo - SP, 05051-001, Brazil",medio,lapa,0,0,0,0,0,0,0,0,6,17,27,29,27,28,33,41,52,74,96,88,50,0,0,0,0,0,0,0,0,0,0,0,14,33,53,65,65,56,49,47,45,39,37,49,41,0,0,0,0,0,0,0,0,0,0,0,12,27,34,35,32,28,22,23,37,58,70,58,33,0,0,0,0,0,0,0,0,0,0,0,28,42,40,35,38,43,47,47,50,67,92,89,51,0,0,0,0,0,0,0,0,0,0,0,10,27,42,50,52,54,58,60,57,59,72,77,52,0,0,0,0,0,0,0,0,0,0,0,10,34,59,69,68,64,61,56,54,66,79,67,33,0,0,0,0,0,0,0,0,0,0,0,23,48,77,98,100,82,57,37,34,43,45,33,14,0,0,0
ChIJoRHUCwn4zpQRrPib2oqf4ec,Sonda Supermercados - Pompéia,-23.52493369999999,-46.6828412,"Rua Carlos Vicari - Av. Pompéia, 155 - 02 - Pompeia, São Paulo - SP, 05033-070, Brazil",medio,barra funda,0,0,0,0,0,0,0,21,40,52,58,67,78,81,76,72,75,85,91,87,70,47,26,0,0,0,0,0,0,0,0,31,49,59,65,73,81,83,79,73,67,66,65,60,50,35,21,0,0,0,0,0,0,0,0,30,51,57,60,69,75,72,65,63,69,77,81,76,62,44,26,0,0,0,0,0,0,0,0,29,48,55,57,65,73,73,65,60,66,76,82,77,61,40,22,0,0,0,0,0,0,0,0,24,42,60,72,76,74,72,74,80,86,87,86,83,76,57,32,0,0,0,0,0,0,0,0,30,53,71,81,89,96,100,97,93,92,95,96,90,74,52,30,0,0,0,0,0,0,0,0,13,30,52,76,90,91,82,75,76,80,77,72,71,63,39,0,0
ChIJ38BVuhZYzpQRAJrp_wuOlEY,Mercado Extra - Santa Cecília,-23.5316851,-46.6604481,"Av. Gen. Olímpio da Silveira, 414 - Santa Cecilia, São Paulo - SP, 01150-000, Brazil",grande,barra funda,0,0,0,0,0,0,0,22,45,50,45,51,61,65,63,57,55,66,83,86,64,32,0,0,0,0,0,0,0,0,0,22,37,54,70,80,83,78,72,73,81,94,100,90,68,41,0,0,0,0,0,0,0,0,0,34,50,60,62,63,68,75,80,80,74,73,88,93,61,23,0,0,0,0,0,0,0,0,0,39,57,63,58,50,48,52,57,60,64,74,87,88,68,38,0,0,0,0,0,0,0,0,0,62,73,38,51,67,75,73,64,57,61,78,94,93,71,42,0,0,0,0,0,0,0,0,0,16,30,48,66,80,86,81,71,64,67,80,91,88,66,39,0,0,0,0,0,0,0,0,0,0,20,44,64,74,76,73,65,58,60,67,66,0,0,0,0,0
ChIJ06WidRxYzpQRU3-eTZzik9c,Sacolão Perdizes,-23.5338889,-46.6658333,"Rua Turiassú, 273 - Perdizes, São Paulo - SP, 05005-001, Brazil",medio,perdizes,0,0,0,0,0,0,0,14,27,43,61,76,83,81,70,59,57,65,71,60,36,0,0,0,0,0,0,0,0,0,0,18,36,55,72,82,86,83,71,54,44,50,59,49,25,0,0,0,0,0,0,0,0,0,0,12,23,36,47,56,61,60,52,44,43,51,53,41,22,0,0,0,0,0,0,0,0,0,0,11,26,45,61,72,78,79,70,57,49,53,58,49,29,0,0,0,0,0,0,0,0,0,0,10,22,42,65,87,100,98,83,64,55,59,65,55,32,0,0,0,0,0,0,0,0,0,0,16,34,56,75,85,86,85,81,72,62,61,61,49,27,0,0,0,0,0,0,0,0,0,0,0,22,47,75,93,96,88,73,55,43,40,37,26,0,0,0,0
ChIJjbDYN_FZzpQRh0uFMJEsk-g,Pão de Açúcar,-23.5352824,-46.6665545,"R. Cardoso de Almeida, 472 - Perdizes, São Paulo - SP, 05013-000, Brazil",medio,perdizes,0,0,0,0,0,0,0,33,57,74,78,69,58,53,53,56,59,64,71,72,60,39,20,0,0,0,0,0,0,0,0,39,72,91,91,89,88,83,72,61,56,57,60,59,50,35,20,0,0,0,0,0,0,0,0,38,59,60,53,52,55,54,50,46,45,48,52,51,43,30,17,0,0,0,0,0,0,0,0,38,68,92,96,79,57,46,48,57,64,66,62,58,53,39,20,0,0,0,0,0,0,0,0,49,79,99,100,84,65,55,56,65,74,78,75,66,65,71,48,0,0,0,0,0,0,0,0,35,58,78,90,89,80,69,63,62,63,63,66,79,84,59,26,0,0,0,0,0,0,0,0,24,40,58,74,83,82,72,57,45,43,52,64,65,51,29,0,0
ChIJV4Dp799WzpQRVXpwnTIXgJA,St Marche Supermarket,-23.593922,-46.7099695,"Av. Comendador Adibo Ares, 275 - Morumbi, São Paulo - SP, 05613-000, Brazil",medio,morumbi,0,0,0,0,0,0,0,0,57,72,70,61,61,69,77,79,76,76,75,66,46,24,0,0,0,0,0,0,0,0,0,0,61,77,84,85,83,84,85,84,79,69,57,43,30,20,0,0,0,0,0,0,0,0,0,0,52,64,69,70,73,76,75,70,68,70,69,58,38,19,0,0,0,0,0,0,0,0,0,0,75,83,84,87,85,78,72,72,75,77,69,54,35,19,0,0,0,0,0,0,0,0,0,0,59,79,89,88,80,73,74,84,95,100,91,73,49,28,0,0,0,0,0,0,0,0,0,0,44,60,68,69,66,59,53,49,49,50,49,43,33,22,0,0,0,0,0,0,0,0,0,0,12,22,36,50,58,59,52,40,33,40,57,58,34,0,0,0
ChIJdUWX19hQzpQRJ-tOcHJAqZo,Extra Hipermercado - Morumbi,-23.6273171,-46.7167468,"Av. das Nações Unidas, 16741 - Retiro Morumbi, São Paulo - SP, 05657-900, Brazil",grande,morumbi,0,0,0,0,0,0,3,8,17,28,40,52,60,63,61,57,53,50,47,44,40,36,33,27,0,0,0,0,0,0,5,12,23,36,50,63,73,77,76,69,60,50,41,36,32,27,22,16,0,0,0,0,0,0,4,10,18,29,41,53,62,66,66,62,56,51,46,42,38,32,25,17,0,0,0,0,0,0,3,9,17,26,38,49,60,66,66,61,53,46,42,41,39,36,30,22,0,0,0,0,0,0,2,9,19,33,49,64,74,78,75,69,62,56,52,49,47,46,43,37,0,0,0,0,0,0,5,12,23,38,55,74,89,98,100,94,84,73,65,61,58,54,47,37,0,0,0,0,0,0,0,3,8,18,33,50,66,78,81,76,67,57,50,48,45,39,30,20
ChIJdZ90CTVRzpQRyVzecej9gho,new central market,-23.6205556,-46.7269444,"Rua Pasquale Gallupi, 1407 - Paraisópolis, São Paulo - SP, 05660-000, Brazil",medio,morumbi,0,0,0,0,0,0,0,0,0,8,13,17,30,34,43,43,43,39,47,56,52,30,8,0,0,0,0,0,0,0,0,0,0,13,17,26,30,30,34,43,52,60,65,60,43,26,13,0,0,0,0,0,0,0,0,0,0,8,13,21,26,30,34,39,39,34,30,26,21,17,13,0,0,0,0,0,0,0,0,0,0,8,4,8,17,21,30,34,39,39,34,30,26,21,17,0,0,0,0,0,0,0,0,0,0,8,13,21,26,30,34,39,47,56,56,47,30,17,8,0,0,0,0,0,0,0,0,0,0,8,17,26,39,52,60,69,69,69,65,56,43,34,30,0,0,0,0,0,0,0,0,0,0,17,26,39,52,69,86,95,100,91,78,60,39,26,13,0
ChIJQ150RMZWzpQRtpChW5xT1zI,Supermercados Mambo - Morumbi,-23.606392,-46.725002,"Av. Giovanni Gronchi, 2799 - Morumbi, São Paulo - SP, 05651-002, Brazil",grande,morumbi,0,0,0,0,0,0,0,16,29,42,52,59,61,57,52,52,62,76,83,74,54,31,0,0,0,0,0,0,0,0,0,21,36,49,61,70,70,60,53,57,67,75,74,62,44,26,0,0,0,0,0,0,0,0,0,16,28,40,50,54,53,48,46,52,63,74,74,63,44,24,0,0,0,0,0,0,0,0,0,20,31,38,45,52,57,57,54,55,66,81,88,78,54,29,0,0,0,0,0,0,0,0,0,21,34,48,58,62,61,57,57,64,75,83,82,70,51,31,0,0,0,0,0,0,0,0,0,18,39,48,49,55,62,63,59,53,52,57,64,63,51,33,0,0,0,0,0,0,0,0,0,0,24,44,69,91,100,90,69,48,41,50,60,55,36,16,0,0
ChIJK3a-_JVWzpQRbohdHoEAZOY,Mini Mercado Tok Leve,-23.6007699,-46.73301250000001,"Rua Dr. SÍlvio Dante Bertacchi, 963 - Vila Sonia, São Paulo - SP, 05625-001, Brazil",pequeno,vila sonia,0,0,0,0,0,0,0,9,20,34,45,49,43,35,34,43,54,55,55,69,52,13,0,0,0,0,0,0,0,0,0,13,30,45,49,49,49,48,43,41,48,58,61,50,30,13,0,0,0,0,0,0,0,0,0,9,18,27,32,33,30,31,36,41,46,51,57,50,29,9,0,0,0,0,0,0,0,0,0,17,29,44,57,63,61,54,47,50,62,75,74,56,32,14,0,0,0,0,0,0,0,0,0,9,21,37,50,51,42,33,36,51,66,68,66,65,44,14,0,0,0,0,0,0,0,0,0,11,26,47,67,75,68,55,47,50,59,65,66,60,40,16,0,0,0,0,0,0,0,0,0,0,14,50,78,88,100,83,40,0,0,0,0,0,0,0,0,0
ChIJUwJX6sFZzpQRW064LofZ1NE,Pão de Açúcar,-23.5729052,-46.6548158,"Av. Brigadeiro Luís Antônio, 3126 - Jardins, São Paulo - SP, 01402-901, Brazil",medio,jardim paulista,0,0,0,0,0,0,0,27,43,58,71,82,88,87,79,72,71,78,84,80,65,44,25,0,0,0,0,0,0,0,0,30,49,68,82,91,94,91,82,73,67,66,65,60,48,34,20,0,0,0,0,0,0,0,0,29,45,58,67,73,75,71,63,57,56,60,62,57,46,31,17,0,0,0,0,0,0,0,0,34,49,61,71,80,87,87,80,71,67,70,75,72,58,37,19,0,0,0,0,0,0,0,0,32,53,72,85,94,100,97,89,81,80,87,92,87,71,48,27,0,0,0,0,0,0,0,0,23,37,53,69,81,87,86,78,70,69,77,87,86,72,52,31,0,0,0,0,0,0,0,0,0,20,35,53,68,77,76,69,61,61,70,80,81,65,41,0,0
ChIJsyE5-N5ZzpQRg8QRmGKpZiU,DIA Supermercado,-23.568844,-46.650409,"Av. Brigadeiro Luís Antônio, 2478 - Jardim Paulista, São Paulo - SP, 01402-000, Brazil",medio,jardim paulista,0,0,0,0,0,0,0,0,31,31,18,9,9,18,27,31,31,45,63,59,27,0,0,0,0,0,0,0,0,0,0,0,27,22,18,22,27,31,31,22,13,18,59,86,36,0,0,0,0,0,0,0,0,0,0,0,31,40,36,18,4,4,9,13,13,27,72,68,9,0,0,0,0,0,0,0,0,0,0,0,18,27,36,36,31,27,18,18,31,59,81,72,40,0,0,0,0,0,0,0,0,0,0,0,31,45,50,40,22,4,4,18,36,50,81,100,36,0,0,0,0,0,0,0,0,0,0,0,4,13,22,27,27,22,18,22,40,50,45,27,9,0,0,0,0,0,0,0,0,0,0,0,13,22,31,31,31,22,18,18,18,18,18,9,4,0,0,0
ChIJrWsQ-cRZzpQRT0NlX-pBuBA,Hortifácil Supermercado,-23.5688768,-46.658657,"R. Pamplona, 1375 - Jardim Paulista, São Paulo - SP, 01423-010, Brazil",medio,jardim paulista,0,0,0,0,0,0,0,27,43,63,81,93,93,81,70,61,65,68,59,36,15,0,0,0,0,0,0,0,0,0,0,27,56,77,84,95,100,86,63,54,56,59,50,36,20,0,0,0,0,0,0,0,0,0,0,29,54,72,77,70,68,72,79,79,72,65,65,59,38,0,0,0,0,0,0,0,0,0,0,36,59,65,70,81,90,90,84,70,61,54,45,34,22,0,0,0,0,0,0,0,0,0,0,38,61,72,70,68,68,65,54,50,68,93,88,52,20,0,0,0,0,0,0,0,0,0,0,0,20,36,50,59,61,59,56,47,36,25,31,34,0,0,0,0,0,0,0,0,0,0,0,0,0,18,25,31,40,34,15,0,0,0,0,0,0,0,0,0
ChIJRXLMHsZZzpQR3HVAxsMsIqw,DIA Supermercado,-23.5650939,-46.6549723,"R. Pamplona, 819 - Jardim Paulista, São Paulo - SP, 01405-200, Brazil",medio,jardim paulista,0,0,0,0,0,0,0,0,22,29,36,44,52,58,55,48,50,67,83,72,38,0,0,0,0,0,0,0,0,0,0,0,39,47,54,61,67,69,64,57,58,66,70,60,38,0,0,0,0,0,0,0,0,0,0,0,23,32,41,48,52,57,63,69,73,76,75,66,44,0,0,0,0,0,0,0,0,0,0,0,79,95,60,48,70,92,98,94,94,98,95,76,48,0,0,0,0,0,0,0,0,0,0,0,80,60,38,51,67,83,94,100,97,88,75,57,41,0,0,0,0,0,0,0,0,0,0,0,14,29,47,61,69,66,58,57,60,61,54,38,22,0,0,0,0,0,0,0,0,0,0,0,7,16,27,38,45,47,41,32,27,41,63,57,25,0,0,0
ChIJSZSlH8ZZzpQRZxZAju-eqKw,Pão de Açúcar,-23.5649236,-46.6550985,"R. Pamplona, 816 - Bela Vista, São Paulo - SP, 01405-001, Brazil",medio,jardim paulista,0,0,0,0,0,0,30,48,56,55,53,59,70,77,74,62,49,50,69,84,71,0,0,0,0,0,0,0,0,0,13,40,69,76,66,61,68,75,73,63,54,55,66,71,57,0,0,0,0,0,0,0,0,0,9,33,53,50,42,50,67,78,75,62,50,50,61,66,52,0,0,0,0,0,0,0,0,0,21,55,82,81,66,66,77,83,77,66,59,62,69,67,51,0,0,0,0,0,0,0,0,0,16,43,70,78,70,68,80,92,92,81,71,76,94,100,76,0,0,0,0,0,0,0,0,0,13,22,34,46,54,56,53,47,43,45,50,53,53,54,46,0,0,0,0,0,0,0,0,0,0,0,14,23,33,42,48,49,48,49,56,64,61,45,0,0,0,0
ChIJPT3OUtFZzpQRhknIcb27a_Q,Casa Santa Luzia,-23.5642772,-46.6656425,"Alameda Lorena, 1471 - Jardim Paulista, São Paulo - SP, 01424-001, Brazil",medio,jardim paulista,0,0,0,0,0,0,0,0,0,65,85,91,82,75,81,88,79,67,65,0,0,0,0,0,0,0,0,0,0,0,0,0,0,62,82,89,83,76,74,72,64,53,43,0,0,0,0,0,0,0,0,0,0,0,0,0,0,55,71,73,66,62,66,67,59,52,48,0,0,0,0,0,0,0,0,0,0,0,0,0,0,67,87,92,85,78,80,82,73,63,58,0,0,0,0,0,0,0,0,0,0,0,0,0,0,71,88,100,95,81,75,81,87,82,67,0,0,0,0,0,0,0,0,0,0,0,0,0,0,57,76,86,85,82,86,95,97,91,86,0,0,0,0,0,0,0,0,0,0,0,0,0,0,0,0,0,0,0,0,0,0,0,0,0,0,0,0,0
ChIJdbvvQuhVzpQRhhuOGhjfhwg,Supermercado Rio Pequeno,-23.5706595,-46.7587096,"Av. do Rio Pequeno, 1563 - Rio Pequeno, São Paulo - SP, 05576-100, Brazil",medio,rio pequeno,0,0,0,0,0,0,0,8,18,34,50,59,57,48,45,57,78,85,65,0,0,0,0,0,0,0,0,0,0,0,0,9,28,48,61,70,72,61,50,52,59,56,41,0,0,0,0,0,0,0,0,0,0,0,0,7,19,34,43,40,31,30,42,49,52,62,55,0,0,0,0,0,0,0,0,0,0,0,0,6,27,49,49,45,47,42,34,43,71,83,56,0,0,0,0,0,0,0,0,0,0,0,0,2,15,42,64,56,43,44,45,47,66,86,71,0,0,0,0,0,0,0,0,0,0,0,0,17,41,65,74,79,88,85,63,44,45,53,45,0,0,0,0,0,0,0,0,0,0,0,0,4,23,52,76,100,94,50,14,2,0,0,0,0,0,0,0,0
ChIJbzZSNehVzpQRHh1rdG5qUxM,DIA Supermercado,-23.5713889,-46.7597222,"Av. do Rio Pequeno, 1735 - Jardim Esmeralda, São Paulo - SP, 05379-000, Brazil",medio,rio pequeno,0,0,0,0,0,0,0,0,5,18,29,32,29,27,33,38,38,42,58,55,23,0,0,0,0,0,0,0,0,0,0,0,13,27,41,50,49,39,27,23,34,54,59,39,14,0,0,0,0,0,0,0,0,0,0,0,5,15,23,23,16,10,15,28,32,30,54,55,15,0,0,0,0,0,0,0,0,0,0,0,8,21,27,34,40,40,34,33,46,64,68,50,24,0,0,0,0,0,0,0,0,0,0,0,5,24,27,29,36,40,39,39,48,62,69,55,30,0,0,0,0,0,0,0,0,0,0,0,9,22,39,56,67,67,58,48,51,65,69,50,22,0,0,0,0,0,0,0,0,0,0,0,0,25,56,88,100,82,50,25,16,17,0,0,0,0,0,0
ChIJy0AipOlVzpQRxenaWv6F0So,Sacolão do Rio Pequeno,-23.570662,-46.760766,"R. Des. Homero Pinho - Jardim Tropical, São Paulo - SP, 05379-240, Brazil",medio,rio pequeno,0,0,0,0,0,0,0,8,15,22,27,28,25,21,20,27,34,34,25,0,0,0,0,0,0,0,0,0,0,0,0,9,22,38,49,48,38,30,26,25,22,16,10,0,0,0,0,0,0,0,0,0,0,0,0,6,13,19,20,20,19,18,16,17,20,22,18,0,0,0,0,0,0,0,0,0,0,0,0,7,15,24,31,32,27,20,16,20,24,23,16,0,0,0,0,0,0,0,0,0,0,0,0,8,18,30,35,33,27,24,25,26,28,26,18,0,0,0,0,0,0,0,0,0,0,0,0,8,22,44,66,74,61,40,27,27,31,28,17,0,0,0,0,0,0,0,0,0,0,0,0,4,18,47,83,100,80,44,0,0,0,0,0,0,0,0,0,0
ChIJSYNu8fJVzpQRQDjs9mjahXY,Adalgisa Mercado,-23.563157,-46.76518189999999,"Rua - Av. Gustavo Berthier, 37 - Rio Pequeno, Osasco - SP, 05386-110, Brazil",pequeno,rio pequeno,0,0,0,0,0,0,0,2,5,18,30,36,35,29,22,23,43,73,89,75,38,0,0,0,0,0,0,0,0,0,0,50,31,16,30,40,43,37,26,21,36,72,100,89,46,0,0,0,0,0,0,0,0,0,0,24,48,30,31,38,36,26,13,4,12,46,76,62,18,0,0,0,0,0,0,0,0,0,0,2,17,30,38,38,30,19,10,17,40,72,89,76,43,0,0,0,0,0,0,0,0,0,0,26,45,31,21,24,27,25,18,10,16,55,96,70,10,0,0,0,0,0,0,0,0,0,0,2,23,52,78,91,83,61,35,19,17,23,30,29,17,0,0,0,0,0,0,0,0,0,0,2,3,33,45,41,83,44,0,0,0,0,0,0,0,0,0,0
ChIJr0Gazir5zpQRAJpbUHTqKXA,Mercado Vieira,-23.509311,-46.747514,"Rua Dom Pedro Henrique de Orleans e Bragança, 1196 - Vila Jaguara, São Paulo - SP, 05117-000, Brazil",medio,jaguara,0,0,0,0,0,0,0,7,15,14,11,12,14,14,11,8,16,39,54,38,12,0,0,0,0,0,0,0,0,0,0,8,15,21,22,22,23,23,21,16,16,25,35,30,16,0,0,0,0,0,0,0,0,0,0,7,11,16,19,21,19,15,11,7,9,25,49,49,25,0,0,0,0,0,0,0,0,0,0,7,12,16,19,19,15,9,5,4,12,35,59,54,29,0,0,0,0,0,0,0,0,0,0,22,22,9,9,14,16,15,11,7,9,32,63,50,16,0,0,0,0,0,0,0,0,0,0,0,16,21,21,21,22,23,22,19,16,25,43,38,12,0,0,0,0,0,0,0,0,0,0,0,8,30,73,100,78,38,0,0,0,0,0,0,0,0,0,0
ChIJlxcSllRWzpQRGmqPMN3Wbbo,Supermercado Padrão,-23.5703587,-46.7103672,"Av. Vital Brasil, 652 - Butantã, São Paulo - SP, 05503-000, Brazil",grande,butanta,0,0,0,0,0,0,10,18,29,39,48,52,51,47,44,47,59,75,87,87,73,50,28,0,0,0,0,0,0,0,27,43,37,38,51,63,66,63,57,58,69,87,99,96,77,50,26,0,0,0,0,0,0,0,12,23,35,46,53,54,49,43,42,47,60,73,83,89,79,49,19,0,0,0,0,0,0,0,17,27,37,47,53,55,52,46,43,45,58,76,93,96,84,60,35,0,0,0,0,0,0,0,16,25,35,44,50,52,51,50,52,61,75,91,100,96,81,58,35,0,0,0,0,0,0,0,7,14,24,35,46,56,62,64,62,58,58,62,69,70,59,40,20,0,0,0,0,0,0,0,0,8,19,30,39,48,56,56,50,42,42,53,65,66,51,29,0,0
ChIJ14IAKatXzpQRSxbTme_0vHY,Mini Mercado Extra,-23.5714617,-46.708784,"Av. Vital Brasil, 459/461 - Butantã, São Paulo - SP, 05503-001, Brazil",pequeno,butanta,0,0,0,0,0,0,0,16,17,8,4,8,17,22,17,10,10,23,46,55,38,0,0,0,0,0,0,0,0,0,0,53,23,11,16,20,23,23,20,16,17,35,68,70,35,0,0,0,0,0,0,0,0,0,0,25,40,4,4,8,13,16,17,16,16,35,64,56,22,0,0,0,0,0,0,0,0,0,0,28,29,17,14,20,25,26,25,22,22,40,71,67,26,0,0,0,0,0,0,0,0,0,0,17,22,25,26,25,23,19,16,16,28,64,100,91,47,0,0,0,0,0,0,0,0,0,0,10,13,14,16,23,37,49,53,49,47,50,49,35,17,0,0,0,0,0,0,0,0,0,0,0,0,0,0,0,0,0,0,0,0,0,0,0,0,0,0,0
ChIJwUNRblxWzpQROBYo79O5reY,Oba Hortifruti - Butantã,-23.5726297,-46.7242287,"Av. Corifeu de Azevedo Marques, 1000 - Butantã, São Paulo - SP, 05582-001, Brazil",medio,butanta,0,0,0,0,0,0,0,9,19,32,44,51,53,54,59,66,75,88,100,93,64,31,0,0,0,0,0,0,0,0,0,16,29,45,59,65,65,64,64,64,66,72,77,69,46,21,0,0,0,0,0,0,0,0,0,8,17,26,32,38,43,43,41,45,56,71,77,66,45,23,0,0,0,0,0,0,0,0,0,10,19,30,42,50,53,50,45,45,55,71,80,72,48,24,0,0,0,0,0,0,0,0,0,12,21,32,43,51,54,53,53,61,75,85,83,76,57,25,0,0,0,0,0,0,0,0,0,12,26,46,67,82,85,77,68,68,74,74,66,66,56,22,0,0,0,0,0,0,0,0,0,7,21,44,72,92,94,79,62,57,63,71,69,54,33,16,0,0
ChIJCzIMnnpWzpQRqi0ZXrcaLzU,DIA Supermercado,-23.5752645,-46.7395823,"R. Manuel Alonso Esteves, 21 - Butantã, São Paulo - SP, 05589-020, Brazil",medio,butanta,0,0,0,0,0,0,0,0,2,14,31,40,38,37,39,43,59,81,84,57,0,0,0,0,0,0,0,0,0,0,0,0,8,21,36,49,53,49,46,49,49,48,74,78,0,0,0,0,0,0,0,0,0,0,0,0,9,28,42,36,22,21,30,36,41,57,73,56,0,0,0,0,0,0,0,0,0,0,0,0,15,33,44,40,29,30,45,57,54,58,86,81,0,0,0,0,0,0,0,0,0,0,0,0,15,27,40,50,54,49,41,41,61,91,100,71,0,0,0,0,0,0,0,0,0,0,0,0,18,34,54,71,79,74,59,46,48,64,65,40,0,0,0,0,0,0,0,0,0,0,0,0,4,25,56,82,84,47,0,0,0,0,0,0,0,0,0,0
ChIJn61nmF1WzpQR2-vewpfCn4Q,Mercado Violeta,-23.573604,-46.727357,"R. Boturoca, 60 - Vila Indiana, São Paulo - SP, 05586-010, Brazil",grande,butanta,0,0,0,0,0,0,0,10,19,29,39,44,44,42,44,54,66,73,77,82,69,0,0,0,0,0,0,0,0,0,0,18,34,51,62,66,67,68,66,63,65,76,86,84,65,0,0,0,0,0,0,0,0,0,0,15,25,36,45,51,51,46,43,46,58,70,74,77,68,0,0,0,0,0,0,0,0,0,0,10,22,36,47,51,47,43,44,52,64,73,80,84,71,0,0,0,0,0,0,0,0,0,0,14,25,37,46,51,52,52,54,59,67,80,95,100,83,0,0,0,0,0,0,0,0,0,0,16,27,41,56,68,75,75,70,64,65,72,80,78,63,0,0,0,0,0,0,0,0,0,0,0,19,35,54,70,78,76,66,60,64,76,0,0,0,0,0,0
ChIJKz6TfWVWzpQRqJybte0qo-Y,Extra,-23.55709839999999,-46.7472305,"Av. Corifeu de Azevedo Marques, 4160 - Butantã, São Paulo - SP, 05339-002, Brazil",grande,jaguare,0,0,0,0,0,0,7,14,25,37,50,60,65,66,66,68,74,83,91,90,79,60,40,22,0,0,0,0,0,0,11,21,34,49,64,74,78,77,73,71,72,75,76,72,60,44,28,15,0,0,0,0,0,0,8,16,27,40,52,61,65,64,62,65,73,83,86,80,69,53,34,16,0,0,0,0,0,0,8,15,25,36,47,56,61,62,62,63,68,75,80,80,71,55,37,21,0,0,0,0,0,0,8,16,28,41,54,64,69,68,66,68,76,84,86,82,78,70,51,27,0,0,0,0,0,0,5,15,31,52,75,93,100,98,94,94,98,98,92,82,74,65,49,27,0,0,0,0,0,0,2,9,19,34,50,63,70,73,71,66,61,60,64,67,62,48,30,14
ChIJq1OZhWNWzpQRVqqz_4iSFdc,Supermercado Violeta,-23.5785493,-46.7352072,"Av. Embaixador Cavalcanti de Lacerda, 112 - Jardim Bonfiglioli, São Paulo - SP, 05591-010, Brazil",grande,butanta,0,0,0,0,0,0,0,15,31,44,48,48,50,52,51,47,49,64,81,70,37,0,0,0,0,0,0,0,0,0,0,30,46,57,67,78,83,77,68,68,79,89,79,52,25,0,0,0,0,0,0,0,0,0,0,15,27,42,53,58,53,44,38,44,61,77,76,57,32,0,0,0,0,0,0,0,0,0,0,16,37,52,49,44,48,56,57,57,67,86,94,77,45,0,0,0,0,0,0,0,0,0,0,23,41,51,57,65,73,75,68,61,65,85,100,83,46,0,0,0,0,0,0,0,0,0,0,19,33,50,68,81,86,82,70,58,56,67,76,63,34,0,0,0,0,0,0,0,0,0,0,0,16,37,66,89,93,76,51,42,48,34,0,0,0,0,0,0
ChIJAaPainlWzpQRnSOOV33Bpa0,Barbosa Supermercados,-23.5777365,-46.7428625,"Av. Eng. Heitor Antônio Eiras García, 789 - Butantã, São Paulo - SP, 05588-001, Brazil",grande,raposo tavares,0,0,0,0,0,0,0,14,26,36,42,45,49,52,54,56,63,78,93,94,73,43,0,0,0,0,0,0,0,0,0,14,35,52,59,65,71,69,60,54,62,81,94,85,58,29,0,0,0,0,0,0,0,0,0,11,18,27,36,41,42,40,36,36,45,62,75,73,55,31,0,0,0,0,0,0,0,0,0,13,22,33,44,50,51,47,42,42,54,72,86,83,63,37,0,0,0,0,0,0,0,0,0,16,30,41,46,49,54,57,56,56,62,78,94,96,77,46,0,0,0,0,0,0,0,0,0,16,31,50,70,85,91,86,76,68,72,87,98,92,68,39,0,0,0,0,0,0,0,0,0,8,22,44,71,92,100,95,83,68,60,68,77,62,0,0,0,0
ChIJ76sVAx9wVwERpENldv8fuQQ,Mini Mercado Extra,-23.5691777,-46.7454773,"Av. Nossa Sra. da Assunção, 868 - Vila Butantã, São Paulo - SP, 05359-001, Brazil",pequeno,butanta,0,0,0,0,0,0,0,0,19,28,32,33,35,35,29,25,32,48,58,57,42,0,0,0,0,0,0,0,0,0,0,0,14,22,28,35,36,36,35,40,48,49,53,68,31,0,0,0,0,0,0,0,0,0,0,0,18,37,37,24,19,22,23,27,37,55,62,42,16,0,0,0,0,0,0,0,0,0,0,0,35,25,14,18,23,27,28,27,29,54,93,81,29,0,0,0,0,0,0,0,0,0,0,0,24,37,36,29,33,42,50,48,44,57,87,84,38,0,0,0,0,0,0,0,0,0,0,0,11,49,67,64,72,75,66,58,68,90,100,80,45,0,0,0,0,0,0,0,0,0,0,0,5,23,50,79,94,96,90,84,71,46,0,0,0,0,0,0
ChIJHVjC42VWzpQRRLAzaUjRCoo,Roldão Atacadista,-23.5649183,-46.7444953,"Av. Corifeu de Azevedo Marques, 3672 - Butantã, São Paulo - SP, 05340-000, Brazil",grande,butanta,0,0,0,0,0,0,0,18,31,45,58,66,68,68,70,76,82,83,82,82,73,46,0,0,0,0,0,0,0,0,0,21,40,61,79,85,82,76,76,80,81,76,69,64,52,31,0,0,0,0,0,0,0,0,0,17,30,44,54,56,55,58,65,71,69,64,61,61,52,33,0,0,0,0,0,0,0,0,0,20,38,57,71,76,73,73,78,84,82,78,77,77,64,39,0,0,0,0,0,0,0,0,0,23,42,58,67,71,75,78,80,82,89,97,100,90,69,44,0,0,0,0,0,0,0,0,0,21,38,59,79,93,96,91,85,81,84,89,92,85,64,38,0,0,0,0,0,0,0,0,0,0,23,46,70,83,81,73,67,62,53,40,0,0,0,0,0,0
ChIJdSEaeuFVzpQR7bgvxwJfKX0,Mini Mercado Extra,-23.5650903,-46.7505444,"Av. do Rio Pequeno, 481 - Rio Pequeno, São Paulo - SP, 05576-100, Brazil",pequeno,rio pequeno,0,0,0,0,0,0,0,4,14,26,36,41,39,33,29,31,40,48,45,30,11,0,0,0,0,0,0,0,0,0,0,2,13,27,42,52,56,53,50,48,48,46,40,27,14,0,0,0,0,0,0,0,0,0,0,0,8,17,26,33,35,31,27,27,36,47,46,27,7,0,0,0,0,0,0,0,0,0,0,3,13,25,35,38,35,27,23,30,47,60,56,37,13,0,0,0,0,0,0,0,0,0,0,4,13,25,37,47,53,53,48,43,48,67,81,64,27,0,0,0,0,0,0,0,0,0,0,1,19,47,77,98,100,90,79,74,72,69,58,40,20,0,0,0,0,0,0,0,0,0,0,0,3,26,55,76,77,62,49,44,46,38,0,0,0,0,0,0
ChIJxx4fDgRVzpQRdEOqBF8rnW8,Líder Supermercado,-23.5642926,-46.7495211,"Av. do Rio Pequeno, 353 - Rio Pequeno, São Paulo - SP, 05350-000, Brazil",medio,rio pequeno,0,0,0,0,0,0,0,11,17,23,29,32,34,30,25,20,22,44,72,69,35,0,0,0,0,0,0,0,0,0,0,8,15,25,35,41,41,37,37,43,52,65,77,65,35,0,0,0,0,0,0,0,0,0,0,4,10,20,28,30,25,21,24,34,32,27,37,47,28,0,0,0,0,0,0,0,0,0,0,3,18,30,27,30,36,32,25,23,35,52,58,47,27,0,0,0,0,0,0,0,0,0,0,8,17,25,30,27,20,15,21,31,41,67,100,67,16,0,0,0,0,0,0,0,0,0,0,0,0,0,0,0,0,0,0,0,0,0,0,0,0,0,0,0,0,0,0,0,0,0,0,4,14,30,51,69,72,60,38,20,0,0,0,0,0,0,0,0
ChIJI_2O5HlWzpQRjaETOcY4zl8,Mini Mercado Extra,-23.5697304,-46.74984869999999,"Av. Otacílio Tomanik, 1155 - Vila Polopoli, São Paulo - SP, 05363-101, Brazil",pequeno,rio pequeno,0,0,0,0,0,0,0,0,18,32,27,25,30,30,29,32,43,54,56,45,26,0,0,0,0,0,0,0,0,0,0,0,12,24,38,50,53,48,38,33,37,45,48,39,24,0,0,0,0,0,0,0,0,0,0,0,16,20,23,25,25,23,20,23,40,39,55,53,10,0,0,0,0,0,0,0,0,0,0,0,10,15,19,22,24,24,23,20,25,60,98,70,21,0,0,0,0,0,0,0,0,0,0,0,9,15,22,30,36,39,40,37,35,50,90,100,53,0,0,0,0,0,0,0,0,0,0,0,18,31,45,56,60,56,51,54,69,86,86,65,36,0,0,0,0,0,0,0,0,0,0,0,17,34,55,74,82,81,74,66,56,44,0,0,0,0,0,0
ChIJo_q-c39WzpQR5wcpHhV6dC0,Extra Hipermercado - Jardim Pinheiros,-23.5843699,-46.7473959,"Av. Mal. Fiúza de Castro, 265 - Km 13,5 - Jardim Pinheiros, São Paulo - SP, 05596-000, Brazil",grande,raposo tavares,0,0,0,0,0,0,0,0,17,30,42,51,55,56,57,60,63,65,65,65,59,44,0,0,0,0,0,0,0,0,0,0,22,40,59,71,74,71,68,69,69,66,60,54,47,37,0,0,0,0,0,0,0,0,0,0,22,36,48,57,61,61,63,68,71,68,64,60,54,41,0,0,0,0,0,0,0,0,0,0,18,28,39,48,53,53,51,50,53,57,58,53,48,40,0,0,0,0,0,0,0,0,0,0,20,31,43,54,61,62,61,61,64,67,67,64,63,53,0,0,0,0,0,0,0,0,0,0,30,50,72,91,100,99,94,90,89,87,81,79,79,65,0,0,0,0,0,0,0,0,0,0,15,30,48,65,74,74,67,60,58,57,57,61,63,47,0,0
ChIJdRArdtNVzpQR6Ujtwq2qa3c,Spani Atacadista,-23.5877853,-46.7571374,"Rodovia Raposo Tavares, 4787 - Jardim Cláudia, São Paulo - SP, 05577-200, Brazil",grande,raposo tavares,0,0,0,0,0,0,0,12,20,30,40,50,55,57,55,53,57,66,74,71,55,33,0,0,0,0,0,0,0,0,0,11,25,44,61,70,71,68,67,65,59,54,53,51,39,22,0,0,0,0,0,0,0,0,0,9,19,31,40,44,42,41,42,43,41,42,46,47,37,20,0,0,0,0,0,0,0,0,0,11,22,35,47,52,52,51,53,55,53,52,57,62,53,32,0,0,0,0,0,0,0,0,0,14,27,41,50,53,52,54,59,61,58,58,68,76,65,38,0,0,0,0,0,0,0,0,0,16,30,49,69,86,94,93,88,86,89,89,85,80,67,39,0,0,0,0,0,0,0,0,0,0,15,37,66,92,100,90,75,64,60,56,0,0,0,0,0,0
ChIJC8Muj6NVzpQR_ieGacHPy0s,Carrefour Hipermercado,-23.5853601,-46.77883019999999,"Rodovia Raposo Tavares, s/n - Jardim Cambara, São Paulo - SP, 05577-901, Brazil",grande,raposo tavares,0,0,0,0,0,0,0,0,21,35,48,58,62,63,63,63,62,61,63,63,53,32,0,0,0,0,0,0,0,0,0,0,28,44,57,65,69,70,67,60,55,53,51,44,32,19,0,0,0,0,0,0,0,0,0,0,23,37,47,53,57,60,60,58,54,53,52,48,37,24,0,0,0,0,0,0,0,0,0,0,20,33,46,55,59,59,59,57,53,51,54,57,48,28,0,0,0,0,0,0,0,0,0,0,24,38,51,58,62,64,66,66,62,57,58,65,59,34,0,0,0,0,0,0,0,0,0,0,35,58,81,97,100,94,88,89,93,91,86,84,73,43,0,0,0,0,0,0,0,0,0,0,17,39,64,81,83,78,74,70,63,58,61,65,54,31,0,0
ChIJdeearalVzpQRGJihSLHTJ4w,Supermercado Paraná,-23.5933202,-46.78482940000001,"R. Ângelo Aparecido dos Santos Dias, 415 - Jardim São Jorge, São Paulo - SP, 05568-090, Brazil",medio,raposo tavares,0,0,0,0,0,0,0,6,15,23,25,24,26,31,35,35,34,44,62,59,30,0,0,0,0,0,0,0,0,0,0,6,12,19,25,31,34,34,32,29,31,42,57,60,44,0,0,0,0,0,0,0,0,0,0,5,11,17,23,26,26,23,19,21,33,52,62,50,27,0,0,0,0,0,0,0,0,0,0,16,22,19,26,34,38,36,30,24,27,44,63,59,35,0,0,0,0,0,0,0,0,0,0,4,8,13,19,25,30,33,33,33,38,58,79,70,37,0,0,0,0,0,0,0,0,0,0,6,13,22,33,43,50,53,50,45,46,55,60,47,23,0,0,0,0,0,0,0,0,0,0,0,16,38,66,90,100,89,67,51,49,52,44,27,0,0,0,0
ChIJGV7UHQdVzpQR_6BwrmOW4gM,Mercado Koball,-23.5952758,-46.7888413,"Rua Coronel Rubens Reis Rezende, 35 - Raposo Tavares, São Paulo - SP, 05565-180, Brazil",medio,raposo tavares,0,0,0,0,0,0,0,2,16,22,15,13,15,18,18,16,16,30,62,55,0,0,0,0,0,0,0,0,0,0,0,6,17,22,27,33,35,30,23,21,29,0,0,0,0,0,0,0,0,0,0,0,0,0,0,1,5,10,15,18,18,15,12,12,18,0,0,0,0,0,0,0,0,0,0,0,0,0,0,1,4,9,13,16,15,13,12,18,33,50,52,0,0,0,0,0,0,0,0,0,0,0,0,1,5,11,17,22,23,22,18,17,23,40,51,0,0,0,0,0,0,0,0,0,0,0,0,1,11,21,25,23,21,21,21,23,27,33,34,0,0,0,0,0,0,0,0,0,0,0,0,7,35,51,63,100,100,43,0,0,0,0,0,0,0,0,0,0
ChIJxYMdes5VzpQRYUN0_Qu_Zbg,Barbosa Supermercados,-23.5874633,-46.7935704,"SP-270, 8450 - Jardim Bela Vista, São Paulo - SP, 05576-200, Brazil",grande,raposo tavares,0,0,0,0,0,0,0,0,16,26,32,34,34,39,48,55,58,65,79,88,73,42,0,0,0,0,0,0,0,0,0,0,21,35,47,52,55,57,57,54,52,57,70,75,59,32,0,0,0,0,0,0,0,0,0,0,15,26,34,35,33,34,39,45,48,50,58,64,52,27,0,0,0,0,0,0,0,0,0,0,15,26,36,41,41,38,40,50,63,70,72,80,79,43,0,0,0,0,0,0,0,0,0,0,21,30,34,35,37,42,48,53,57,66,84,93,76,42,0,0,0,0,0,0,0,0,0,0,23,43,63,74,74,72,75,78,79,84,96,100,78,42,0,0,0,0,0,0,0,0,0,0,17,38,66,90,99,94,82,69,63,69,70,48,0,0,0,0
ChIJqWi-8mpVzpQRsNflhquQgSA,Supermercado Compremais,-23.5857936,-46.8043821,"Tv. Cachoeira da Pena, 59 - Conj. Promorar Raposo Tavares, São Paulo - SP, 05574-440, Brazil",pequeno,raposo tavares,0,0,0,0,0,0,0,2,5,8,11,16,20,23,23,23,22,31,58,79,59,23,0,0,0,0,0,0,0,0,0,4,7,11,19,25,29,31,29,28,35,52,64,56,61,44,0,0,0,0,0,0,0,0,0,4,8,14,17,19,19,19,23,32,41,43,43,58,56,23,0,0,0,0,0,0,0,0,0,4,8,13,19,23,28,28,25,23,28,44,67,71,52,25,0,0,0,0,0,0,0,0,0,7,13,19,25,31,35,37,34,29,29,62,91,71,55,22,0,0,0,0,0,0,0,0,0,7,16,29,41,47,47,41,40,43,46,46,61,86,62,17,0,0,0,0,0,0,0,0,0,10,26,52,80,100,98,76,46,0,0,0,0,0,0,0,0,0
ChIJLzE2kixUzpQRTSVn-aagxNA,Talento´s Supermercados,-23.594065,-46.7599122,"Rua Denis Chaudet, 12 - Jardim Dracena, São Paulo - SP, 05528-220, Brazil",medio,raposo tavares,0,0,0,0,0,0,0,1,3,12,23,30,29,24,22,28,39,44,45,68,45,0,0,0,0,0,0,0,0,0,0,2,4,8,13,17,20,21,20,21,29,48,62,55,31,0,0,0,0,0,0,0,0,0,0,0,4,8,14,19,21,22,22,25,35,47,53,46,30,0,0,0,0,0,0,0,0,0,0,0,3,6,9,13,19,23,25,25,23,31,62,82,51,0,0,0,0,0,0,0,0,0,0,7,10,12,13,12,13,15,20,24,32,61,100,84,31,0,0,0,0,0,0,0,0,0,0,5,14,12,18,27,37,44,46,44,39,42,63,73,42,0,0,0,0,0,0,0,0,0,0,6,16,28,40,47,53,58,57,45,33,40,64,66,35,0,0,0
ChIJu8v9brZVzpQRt0QuKmoHG5o,Lichia Supermercados,-23.5839091,-46.7605128,"R. Otávio Pedreiro Rosa, 160 - Jardim Ester, São Paulo - SP, 05576-100, Brazil",medio,raposo tavares,0,0,0,0,0,0,0,2,9,19,30,39,43,42,37,37,49,74,94,90,62,29,0,0,0,0,0,0,0,0,0,9,21,36,52,65,67,59,47,47,65,89,100,84,52,23,0,0,0,0,0,0,0,0,0,6,13,23,33,40,43,41,37,37,46,63,78,75,54,27,0,0,0,0,0,0,0,0,0,3,14,22,27,35,40,39,36,40,56,77,88,79,56,29,0,0,0,0,0,0,0,0,0,6,14,24,33,37,36,31,27,31,48,74,93,91,68,37,0,0,0,0,0,0,0,0,0,7,21,39,56,64,60,49,42,47,58,63,71,81,67,31,0,0,0,0,0,0,0,0,0,0,20,46,70,89,97,88,64,39,50,46,0,0,0,0,0,0
ChIJW6LaCNtVzpQRAR5hu4W-cnM,Mercadinho Alkimin,-23.5772024,-46.7552713,"Av. Professor José Maria Alkmin, 745 - Jardim Ester, São Paulo - SP, 05366-000, Brazil",pequeno,rio pequeno,0,0,0,0,0,0,26,52,47,31,36,47,47,36,36,47,52,47,36,21,0,0,0,0,0,0,0,0,0,0,15,42,42,26,36,57,68,47,36,47,68,68,47,21,0,0,0,0,0,0,0,0,0,0,15,26,36,42,36,26,78,57,5,10,57,84,31,0,0,0,0,0,0,0,0,0,0,0,21,36,47,36,26,31,68,42,21,47,73,68,36,10,0,0,0,0,0,0,0,0,0,0,36,78,100,73,36,42,57,31,21,52,89,84,42,10,0,0,0,0,0,0,0,0,0,0,21,42,57,52,36,36,47,26,15,31,57,63,47,21,0,0,0,0,0,0,0,0,0,0,42,63,68,57,52,52,52,47,36,26,21,21,21,21,0,0,0,0
ChIJvU9p591VzpQRLSjko6VjXtM,Mercado Cavalcante,-23.5712166,-46.7530801,"Av. José Joaquim Seabra, 900 - Jardim Ivana, São Paulo - SP, 05364-000, Brazil",pequeno,rio pequeno,0,0,0,0,0,0,0,25,53,36,42,51,53,44,38,42,53,61,53,31,0,0,0,0,0,0,0,0,0,0,0,19,29,42,53,59,57,53,46,44,48,53,48,36,0,0,0,0,0,0,0,0,0,0,0,17,36,55,59,55,55,55,48,38,40,51,51,34,0,0,0,0,0,0,0,0,0,0,0,14,46,87,97,76,59,55,46,34,38,74,87,44,0,0,0,0,0,0,0,0,0,0,0,74,70,44,57,76,80,72,63,63,70,68,53,29,0,0,0,0,0,0,0,0,0,0,0,42,68,80,78,68,61,63,65,63,55,42,46,44,0,0,0,0,0,0,0,0,0,0,0,0,70,93,63,76,100,89,53,23,0,0,0,0,0,0,0,0
ChIJn0poivlXzpQRB38mq40NJKA,Supermercado Vanessa Jaguaré,-23.5543184,-46.74782109999999,"Av. Gen. Mac Arthur, 362 - Vila Lageado, São Paulo - SP, 05338-000, Brazil",pequeno,jaguare,0,0,0,0,0,0,0,0,0,6,14,23,23,17,21,31,29,0,0,0,0,0,0,0,0,0,0,0,0,0,0,0,0,4,10,21,23,21,23,25,25,0,0,0,0,0,0,0,0,0,0,0,0,0,0,0,0,8,21,38,51,48,34,23,31,0,0,0,0,0,0,0,0,0,0,0,0,0,0,0,0,10,36,44,25,31,48,36,29,0,0,0,0,0,0,0,0,0,0,0,0,0,0,0,0,10,27,44,40,27,34,48,48,0,0,0,0,0,0,0,0,0,0,0,0,0,0,0,0,17,51,87,100,93,72,46,51,0,0,0,0,0,0,0,0,0,0,0,0,0,0,0,0,0,0,0,0,0,0,0,0,0,0,0,0,0,0,0
ChIJbxIMWf5VzpQR7czsahUSzUU,Supermercado Jaguaré,-23.553192,-46.749931,"Av. Pres. Altíno, 238 - Jaguaré, São Paulo - SP, 05323-000, Brazil",medio,jaguare,0,0,0,0,0,0,0,13,25,35,41,42,43,45,46,45,47,67,96,93,54,17,0,0,0,0,0,0,0,0,0,16,30,46,61,69,67,58,49,48,58,69,68,52,29,12,0,0,0,0,0,0,0,0,0,10,25,34,33,30,33,37,38,36,39,53,66,60,36,13,0,0,0,0,0,0,0,0,0,16,33,42,45,49,51,46,35,32,46,69,81,67,38,14,0,0,0,0,0,0,0,0,0,12,29,45,50,48,49,49,46,42,48,73,100,90,51,16,0,0,0,0,0,0,0,0,0,12,32,57,72,78,82,82,75,63,58,67,78,68,40,14,0,0,0,0,0,0,0,0,0,0,29,54,76,91,97,85,60,43,44,55,55,39,0,0,0,0
ChIJmYGychpWzpQR0J3shN_0cKQ,Mercado BRF,-23.5518372,-46.7363722,"Av. Torres de Oliveira, 305 - Jaguaré, São Paulo - SP, 05347-020, Brazil",pequeno,jaguare,0,0,0,0,0,0,0,0,0,58,67,58,38,23,20,20,14,11,17,0,0,0,0,0,0,0,0,0,0,0,0,0,0,94,100,64,41,38,35,26,14,11,20,0,0,0,0,0,0,0,0,0,0,0,0,0,0,58,73,64,44,32,26,23,20,14,14,0,0,0,0,0,0,0,0,0,0,0,0,0,0,70,85,85,67,41,20,8,8,17,26,0,0,0,0,0,0,0,0,0,0,0,0,0,0,91,100,82,58,38,32,29,29,29,26,0,0,0,0,0,0,0,0,0,0,0,0,0,0,73,61,50,55,44,26,50,73,29,0,0,0,0,0,0,0,0,0,0,0,0,0,0,0,0,0,0,0,0,0,0,0,0,0,0,0,0,0,0
ChIJrZXdiKn4zpQRN6diizwz11s,Mini Mercado e Açougue da XI,-23.5464098,-46.7433602,"R. Assum Preto, 153 - Vila Nova Jaguare, São Paulo - SP, 05333-050, Brazil",pequeno,jaguare,0,0,0,0,0,0,0,11,23,38,46,50,46,42,38,42,50,53,50,42,30,19,0,0,0,0,0,0,0,0,0,11,19,26,34,42,46,50,50,50,53,57,61,53,46,34,0,0,0,0,0,0,0,0,0,19,26,38,46,50,46,38,34,42,53,61,65,53,38,23,0,0,0,0,0,0,0,0,0,19,26,34,42,46,46,46,46,53,61,65,65,57,42,26,0,0,0,0,0,0,0,0,0,26,57,65,50,38,42,46,46,50,57,61,57,42,26,15,0,0,0,0,0,0,0,0,0,23,38,57,73,84,84,80,76,76,76,76,76,69,57,46,0,0,0,0,0,0,0,0,0,0,34,46,57,65,65,65,65,73,88,100,88,76,80,69,0,0
ChIJtTcKRav4zpQRblAN8Qx6_k8,Mercado Sena's,-23.544798,-46.7469674,"R. Barcelona, 382 - Jaguaré, São Paulo - SP, 05331-030, Brazil",medio,jaguare,0,0,0,0,0,0,0,0,2,7,13,15,11,8,10,14,15,24,35,20,0,0,0,0,0,0,0,0,0,0,0,0,6,8,11,14,15,15,15,14,14,20,28,23,0,0,0,0,0,0,0,0,0,0,0,0,7,12,13,11,11,13,14,14,12,15,38,23,0,0,0,0,0,0,0,0,0,0,0,0,3,8,14,16,14,10,8,12,19,22,19,12,0,0,0,0,0,0,0,0,0,0,0,0,5,10,14,13,11,9,8,9,15,27,34,23,0,0,0,0,0,0,0,0,0,0,0,0,7,11,15,18,19,19,19,20,22,21,16,9,0,0,0,0,0,0,0,0,0,0,0,0,8,29,66,100,97,0,0,0,0,0,0,0,0,0,0,0
ChIJ4WUxo5n4zpQRQZHwU-HGT4E,Quitanda Seu Aristides,-23.53351199999999,-46.7250542,"R. Carlos Weber, 1665 - Vila Leopoldina, São Paulo - SP, 05303-000, Brazil",pequeno,vila leopoldina,0,0,0,0,0,0,0,0,0,12,16,20,25,29,25,33,50,29,16,16,0,0,0,0,0,0,0,0,0,0,0,0,0,58,100,70,54,58,50,33,25,16,12,8,0,0,0,0,0,0,0,0,0,0,0,0,0,0,0,0,0,0,0,0,0,0,0,0,0,0,0,0,0,0,0,0,0,0,0,0,0,20,29,33,33,29,25,37,37,16,8,8,0,0,0,0,0,0,0,0,0,0,0,0,0,8,16,20,20,16,12,4,4,29,54,4,0,0,0,0,0,0,0,0,0,0,0,0,0,12,33,41,25,12,20,41,45,29,0,0,0,0,0,0,0,0,0,0,0,0,0,0,0,0,0,0,0,0,0,0,0,0,0,0,0,0,0,0
ChIJZezJOpj4zpQRYUKpIOrSQ7s,Mercado Máximo,-23.5330933,-46.7266141,"R. Brentano, 435 - Vila Leopoldina, São Paulo - SP, 05302-041, Brazil",pequeno,vila leopoldina,0,0,0,0,0,0,0,56,93,62,66,64,48,33,35,51,67,74,62,43,0,0,0,0,0,0,0,0,0,0,0,61,85,83,79,80,74,59,48,48,58,66,59,41,0,0,0,0,0,0,0,0,0,0,0,46,75,85,79,69,58,43,32,37,59,79,74,46,0,0,0,0,0,0,0,0,0,0,0,64,95,59,53,61,59,48,32,25,41,77,87,51,0,0,0,0,0,0,0,0,0,0,0,62,100,59,77,79,59,38,33,43,59,67,62,45,0,0,0,0,0,0,0,0,0,0,0,19,29,38,46,53,54,51,45,35,29,46,79,48,0,0,0,0,0,0,0,0,0,0,0,0,32,50,61,69,66,43,17,4,3,6,6,3,0,0,0,0
ChIJ4ZHpQwj5zpQRAnS1cJKh-fU,Minuto Pão de Açúcar Vila Leopoldina,-23.5315842,-46.7274609,"R. Carlos Weber, 1340 - Vila Leopoldina, São Paulo - SP, 05303-000, Brazil",pequeno,vila leopoldina,0,0,0,0,0,0,0,1,9,19,23,24,30,41,53,59,65,76,83,75,48,17,0,0,0,0,0,0,0,0,0,4,33,39,44,74,100,98,72,46,39,46,53,45,27,4,0,0,0,0,0,0,0,0,0,11,11,7,18,30,38,40,38,37,43,54,61,56,38,14,0,0,0,0,0,0,0,0,0,39,28,22,39,51,55,50,41,40,50,70,82,72,45,14,0,0,0,0,0,0,0,0,0,16,33,33,38,59,81,85,70,51,49,70,96,98,70,28,0,0,0,0,0,0,0,0,0,1,25,50,61,60,65,79,86,75,51,43,66,86,56,8,0,0,0,0,0,0,0,0,0,0,1,19,44,67,81,80,66,45,30,46,88,66,0,0,0,0
ChIJJ9DQqC7_zpQR4lem6pfP6fw,Mercado Extra - Vila dos Remédios,-23.5179406,-46.7521564,"Av. dos Remédios, 756 - Vila dos Remedios, São Paulo - SP, 05107-001, Brazil",medio,jaguara,0,0,0,0,0,0,0,12,25,40,54,62,64,63,66,76,85,87,81,77,64,35,0,0,0,0,0,0,0,0,0,18,35,56,75,84,82,75,71,77,88,95,91,78,55,28,0,0,0,0,0,0,0,0,0,16,26,39,51,61,66,65,60,60,75,97,94,74,60,33,0,0,0,0,0,0,0,0,0,15,25,36,48,56,61,61,59,61,72,87,94,83,57,30,0,0,0,0,0,0,0,0,0,16,28,43,56,64,68,69,74,83,92,96,94,94,81,46,0,0,0,0,0,0,0,0,0,0,26,52,78,94,100,99,97,92,85,83,84,80,64,40,0,0,0,0,0,0,0,0,0,0,17,35,56,70,73,67,60,56,51,48,58,68,49,0,0,0
ChIJz_WlG9T-zpQRLhWgXJGOE5A,Mini Mercado Extra,-23.5085333,-46.7522703,"Av. Cândido Portinari, 555 - Vila Jaguara, São Paulo - SP, 05114-000, Brazil",pequeno,jaguara,0,0,0,0,0,0,0,0,19,40,49,45,42,49,55,63,81,96,82,42,0,0,0,0,0,0,0,0,0,0,0,0,19,39,55,62,61,60,61,62,64,77,94,68,0,0,0,0,0,0,0,0,0,0,0,0,10,19,28,37,42,45,43,41,45,62,76,63,0,0,0,0,0,0,0,0,0,0,0,0,12,25,37,47,54,55,50,43,44,64,90,80,0,0,0,0,0,0,0,0,0,0,0,0,14,28,42,50,54,52,50,57,76,95,100,80,0,0,0,0,0,0,0,0,0,0,0,0,11,28,47,66,81,90,89,79,66,61,72,70,0,0,0,0,0,0,0,0,0,0,0,0,3,20,42,65,81,85,75,55,0,0,0,0,0,0,0,0
ChIJaX6foiD5zpQR2eDvwR6DxSQ,Mercadinho Taguchi,-23.5053612,-46.7321008,"R. Dr. Odon Carlos de Figueiredo Ferraz, 1205 - Parque Sao Domingos, São Paulo - SP, 05121-000, Brazil",pequeno,jaguara,0,0,0,0,0,0,0,0,0,0,0,0,0,32,44,46,56,75,57,18,0,0,0,0,0,0,0,0,0,0,0,0,21,38,40,32,33,39,38,34,37,42,39,27,0,0,0,0,0,0,0,0,0,0,0,0,17,26,27,27,29,29,24,23,37,56,49,22,0,0,0,0,0,0,0,0,0,0,0,0,6,15,24,28,28,29,29,28,38,81,77,23,0,0,0,0,0,0,0,0,0,0,0,0,10,22,36,50,56,53,41,34,53,75,48,11,0,0,0,0,0,0,0,0,0,0,0,0,10,24,43,59,63,55,46,45,51,54,46,30,0,0,0,0,0,0,0,0,0,0,0,0,10,38,80,100,74,32,0,0,0,0,0,0,0,0,0,0
ChIJIU7VY8X-zpQRv4XPK28FTNs,Lopes Supermercados - Vila Piauí,-23.5033643,-46.7578999,"Av. Mutinga, 4928 - Vila Piaui, São Paulo - SP, 05110-010, Brazil",medio,jaguara,0,0,0,0,0,0,0,0,30,36,39,44,51,54,51,49,58,74,86,81,0,0,0,0,0,0,0,0,0,0,0,0,36,45,49,56,66,67,57,49,55,73,82,70,0,0,0,0,0,0,0,0,0,0,0,0,31,37,39,44,50,49,42,40,49,63,72,66,0,0,0,0,0,0,0,0,0,0,0,0,24,36,47,55,58,55,51,51,61,77,87,78,0,0,0,0,0,0,0,0,0,0,0,0,22,33,45,54,59,59,57,58,68,86,100,95,0,0,0,0,0,0,0,0,0,0,0,0,30,48,67,83,91,90,84,78,79,87,92,87,0,0,0,0,0,0,0,0,0,0,0,0,24,48,74,92,95,84,70,59,0,0,0,0,0,0,0,0
ChIJ38CQRslQzpQRbTmhSdWtq5Q,Mercado Mendes - açougue e padaria,-23.61258059999999,-46.69387459999999,"Rua George Ohm, 160 - Cidade Monções, São Paulo - SP, 04576-020, Brazil",medio,morumbi,0,0,0,0,0,4,27,38,25,32,45,54,52,44,35,30,35,41,38,26,13,0,0,0,0,0,0,0,0,7,13,20,30,41,50,54,54,50,41,30,22,23,38,38,14,0,0,0,0,0,0,0,0,0,14,23,33,44,52,58,57,51,42,33,32,44,52,39,17,0,0,0,0,0,0,0,0,0,14,38,61,63,52,50,52,50,41,29,23,30,42,39,20,0,0,0,0,0,0,0,0,0,23,91,100,45,41,54,58,51,36,27,30,39,45,38,25,0,0,0,0,0,0,0,0,0,17,39,48,38,25,25,29,33,33,27,20,13,10,10,0,0,0,0,0,0,0,0,0,0,16,38,32,22,27,38,44,42,35,0,0,0,0,0,0,0,0,0
ChIJp9xLSDRXzpQRuypXGmjK1N8,Mini Mercado Extra,-23.6029926,-46.69273640000001,"R. Guararapes, 1842 - Cidade Monções, São Paulo - SP, 04561-004, Brazil",pequeno,morumbi,0,0,0,0,0,0,0,30,38,30,32,53,72,70,47,27,25,35,43,38,23,0,0,0,0,0,0,0,0,0,0,32,45,38,32,47,71,75,54,30,22,29,37,34,22,0,0,0,0,0,0,0,0,0,0,35,37,25,30,54,75,73,51,30,27,36,43,36,21,0,0,0,0,0,0,0,0,0,0,27,47,37,32,49,68,74,62,43,32,37,48,46,29,0,0,0,0,0,0,0,0,0,0,59,100,36,44,56,59,53,40,30,32,45,58,51,29,0,0,0,0,0,0,0,0,0,0,7,20,32,34,37,47,48,40,41,51,56,49,32,15,0,0,0,0,0,0,0,0,0,0,0,8,18,32,45,51,48,42,42,44,33,0,0,0,0,0,0
ChIJyfkyO-RWzpQRUq2pNhC3O-0,Mini Mercado Extra,-23.590276,-46.7167907,"Rua dos Três Irmãos, 636 - Vila Progredior, São Paulo - SP, 05615-190, Brazil",pequeno,morumbi,0,0,0,0,0,0,0,33,53,60,61,63,62,54,47,43,45,48,46,37,24,12,0,0,0,0,0,0,0,0,0,33,59,84,100,98,83,69,61,58,58,55,48,38,27,16,0,0,0,0,0,0,0,0,0,31,46,59,66,68,67,66,63,59,58,58,55,44,26,11,0,0,0,0,0,0,0,0,0,29,54,76,83,73,59,53,59,67,71,66,53,36,21,10,0,0,0,0,0,0,0,0,0,48,80,92,90,89,89,85,83,85,90,90,81,64,43,25,0,0,0,0,0,0,0,0,0,4,22,58,92,95,75,64,66,74,76,70,58,44,29,16,0,0,0,0,0,0,0,0,0,0,18,35,56,72,80,77,67,57,45,33,19,0,0,0,0,0
ChIJ8QXYPstWzpQRMWUUgXYu55I,Mercado Nova Central,-23.6167152,-46.72503620000001,"Rua Melchior Giola, 230-404 - Paraisópolis, São Paulo - SP, 05664-000, Brazil",pequeno,morumbi,0,0,0,0,0,0,0,0,0,13,25,31,28,20,16,23,36,51,58,53,40,25,0,0,0,0,0,0,0,0,0,0,0,15,25,31,31,26,24,29,40,53,59,56,45,29,0,0,0,0,0,0,0,0,0,0,0,11,18,23,24,21,20,23,31,39,43,42,36,27,0,0,0,0,0,0,0,0,0,0,0,17,26,30,27,22,23,31,43,53,57,53,42,28,0,0,0,0,0,0,0,0,0,0,0,15,27,38,43,40,34,33,43,62,78,76,58,36,0,0,0,0,0,0,0,0,0,0,0,28,51,75,87,86,76,68,67,69,71,69,62,51,0,0,0,0,0,0,0,0,0,0,0,40,71,96,100,80,53,35,32,39,47,51,48,39,0,0
ChIJq6qGa8BWzpQR1LFZk2YGvt8,Mini Mercado Extra,-23.6008333,-46.72750000000001,"R. Francisco Preto, 177 - Vila Sonia, São Paulo - SP, 05623-010, Brazil",pequeno,vila sonia,0,0,0,0,0,0,0,1,2,8,13,18,22,24,22,20,17,20,22,21,12,2,0,0,0,0,0,0,0,0,0,1,6,13,17,17,14,14,18,24,28,28,24,16,9,2,0,0,0,0,0,0,0,0,0,1,9,14,14,14,16,16,13,9,5,9,18,21,12,1,0,0,0,0,0,0,0,0,0,1,5,10,16,20,21,18,14,9,8,22,49,49,21,1,0,0,0,0,0,0,0,0,0,4,12,21,26,24,18,20,26,30,29,37,58,61,32,6,0,0,0,0,0,0,0,0,0,4,13,26,41,54,58,54,48,48,62,78,76,52,24,5,0,0,0,0,0,0,0,0,0,1,10,29,57,85,100,94,73,66,81,58,0,0,0,0,0,0
ChIJCY4DkZpWzpQR4kkGcBYmR38,Assaí Atacadista,-23.5961111,-46.7372222,"Av. Prof. Francisco Morato, 4367 - Vila Sonia, São Paulo - SP, 05521-200, Brazil",grande,vila sonia,0,0,0,0,0,0,0,23,40,55,63,68,73,74,72,69,71,77,83,80,65,43,0,0,0,0,0,0,0,0,0,27,51,66,71,73,76,75,69,62,58,58,57,51,40,26,0,0,0,0,0,0,0,0,0,20,37,53,64,65,60,56,57,58,55,52,54,57,48,28,0,0,0,0,0,0,0,0,0,26,43,55,60,65,69,71,69,68,71,76,78,71,57,38,0,0,0,0,0,0,0,0,0,23,40,58,71,76,75,75,79,84,83,79,81,85,73,45,0,0,0,0,0,0,0,0,0,31,56,74,85,93,98,97,89,82,82,87,89,81,62,39,0,0,0,0,0,0,0,0,0,0,34,62,88,100,93,78,69,66,60,46,0,0,0,0,0,0
ChIJR8XRl5JWzpQRhszu2iqeLms,Groceries Sukiyaki - Villa Sonia,-23.591365,-46.7297556,"R. Prof. Monjardino, 174 - Vila Sonia, São Paulo - SP, 05625-160, Brazil",pequeno,vila sonia,0,0,0,0,0,0,0,0,0,0,0,0,0,0,0,0,0,0,0,0,0,0,0,0,0,0,0,0,0,0,0,11,23,35,47,56,56,44,28,22,28,23,7,0,0,0,0,0,0,0,0,0,0,0,0,12,18,17,19,30,38,35,23,15,22,29,18,0,0,0,0,0,0,0,0,0,0,0,0,8,17,26,33,36,36,36,33,27,26,28,18,0,0,0,0,0,0,0,0,0,0,0,0,7,17,32,48,60,63,55,42,33,32,30,18,0,0,0,0,0,0,0,0,0,0,0,0,10,25,45,66,80,82,70,49,28,13,0,0,0,0,0,0,0,0,0,0,0,0,0,0,12,26,32,69,100,40,0,0,0,0,0,0,0,0,0,0,0
ChIJWX6blJJWzpQRqN7iWpjJ3fg,Empório Teresa,-23.5916925,-46.73002939999999,"R. Ibiapaba, 144 - Vila Sonia, São Paulo - SP, 05625-020, Brazil",pequeno,vila sonia,0,0,0,0,0,0,0,33,55,66,66,77,88,100,88,66,44,55,66,0,0,0,0,0,0,0,0,0,0,0,0,44,55,55,55,66,77,88,77,66,44,33,11,0,0,0,0,0,0,0,0,0,0,0,0,44,66,66,66,66,77,77,66,44,33,33,55,0,0,0,0,0,0,0,0,0,0,0,0,44,55,44,33,44,55,66,66,55,44,44,33,0,0,0,0,0,0,0,0,0,0,0,0,33,55,66,77,77,66,55,33,33,44,22,44,0,0,0,0,0,0,0,0,0,0,0,0,0,0,0,0,0,0,0,0,0,0,0,0,0,0,0,0,0,0,0,0,0,0,0,0,0,0,0,0,0,0,0,0,0,0,0,0,0,0,0,0,0
ChIJF1Vy6PJWzpQRjvnmkZc8fUc,DIA Supermercado,-23.58776539999999,-46.7274201,"Av. Prof. Francisco Morato, 2990 - Vila Sonia, São Paulo - SP, 05512-300, Brazil",medio ,vila sonia,0,0,0,0,0,0,0,0,5,11,19,27,34,37,36,35,48,77,59,63,42,0,0,0,0,0,0,0,0,0,0,0,7,15,26,34,39,40,38,38,43,51,53,42,23,0,0,0,0,0,0,0,0,0,0,0,23,23,10,15,23,29,30,26,23,35,57,61,34,0,0,0,0,0,0,0,0,0,0,0,10,25,37,38,35,34,37,42,42,43,68,100,60,0,0,0,0,0,0,0,0,0,0,0,9,19,28,32,34,37,47,57,60,53,62,81,61,0,0,0,0,0,0,0,0,0,0,0,6,17,31,44,52,51,42,34,43,71,82,53,17,0,0,0,0,0,0,0,0,0,0,0,0,15,34,53,68,69,59,45,38,38,35,25,11,0,0,0
ChIJPRVYVH9XzpQRk3hxq0ibVkw,MERCADO NATURAL,-23.57224859999999,-46.6963444,"Av. Rebouças, 3970 - 2051 - Pinheiros, São Paulo - SP, 05402-918, Brazil",medio,pinheiros,0,0,0,0,0,0,0,0,0,0,0,0,0,0,0,0,0,0,0,0,0,0,0,0,0,0,0,0,0,0,0,0,0,0,0,0,0,0,0,0,0,0,0,0,0,0,0,0,0,0,0,0,0,0,0,9,27,36,36,36,45,81,100,81,45,27,54,81,36,9,0,0,0,0,0,0,0,0,0,18,27,27,27,45,63,63,45,27,27,36,54,54,36,18,0,0,0,0,0,0,0,0,0,0,0,0,0,0,0,0,0,0,0,0,0,0,0,0,0,0,0,0,0,0,0,0,0,0,0,0,18,36,54,63,63,63,54,45,36,27,18,9,0,0,0,0,0,0,0,0,0,0,0,0,0,0,0,0,0,0,0,0,0,0,0,0,0,0
ChIJqxRblnVXzpQRJUM3AHvCH4s,Mini Mercado Extra,-23.5673813,-46.6864808,"R. dos Pinheiros, 905 - Pinheiros, São Paulo - SP, 05422-010, Brazil",pequeno,pinheiros,0,0,0,0,0,0,0,27,54,80,88,80,68,63,62,57,46,35,32,36,31,15,0,0,0,0,0,0,0,0,0,30,51,65,67,69,77,82,78,66,55,48,45,39,29,19,0,0,0,0,0,0,0,0,0,20,34,48,57,59,57,54,55,57,57,52,42,31,20,11,0,0,0,0,0,0,0,0,0,27,48,58,55,57,69,79,74,59,48,45,45,40,30,18,0,0,0,0,0,0,0,0,0,41,65,75,71,67,77,94,100,88,69,60,58,50,31,13,0,0,0,0,0,0,0,0,0,12,22,35,48,60,64,62,55,50,50,55,57,48,31,16,0,0,0,0,0,0,0,0,0,0,0,0,0,0,0,0,0,0,0,0,0,0,0,0,0,0
ChIJOZsu7J1XzpQRVMBLBfVAKcc,Quitanda,-23.5647384,-46.6843801,"R. Mateus Grou, 159 - Pinheiros, São Paulo - SP, 05415-050, Brazil",medio,pinheiros,0,0,0,0,0,0,0,27,50,71,83,87,88,85,77,68,68,78,87,82,62,36,0,0,0,0,0,0,0,0,0,27,48,67,80,87,90,88,78,62,52,56,68,71,55,30,0,0,0,0,0,0,0,0,0,23,46,64,70,72,77,79,70,57,52,57,60,52,33,14,0,0,0,0,0,0,0,0,0,28,44,62,76,84,82,73,61,53,54,63,70,66,50,29,0,0,0,0,0,0,0,0,0,33,56,75,85,91,97,100,90,74,66,72,82,76,52,25,0,0,0,0,0,0,0,0,0,0,28,43,60,73,81,81,73,64,60,63,65,55,35,0,0,0,0,0,0,0,0,0,0,0,22,36,51,64,71,71,66,63,66,71,68,52,29,0,0,0
ChIJGWibnQpXzpQRZwmJ0XHe4QU,Cerealista A Granel,-23.5679448,-46.69149059999999,"R. dos Pinheiros, 1430 - Pinheiros, São Paulo - SP, 05422-002, Brazil",pequeno,pinheiros,0,0,0,0,0,0,0,4,15,31,40,38,61,100,63,25,25,34,31,22,0,0,0,0,0,0,0,0,0,0,0,2,13,29,43,61,93,97,54,29,36,45,36,18,0,0,0,0,0,0,0,0,0,0,0,9,20,31,34,31,72,86,34,29,34,36,31,22,0,0,0,0,0,0,0,0,0,0,0,11,34,18,25,47,72,81,75,52,31,45,68,36,0,0,0,0,0,0,0,0,0,0,0,20,36,40,36,45,72,90,77,54,47,59,59,40,0,0,0,0,0,0,0,0,0,0,0,0,0,18,40,40,61,45,29,25,22,0,0,0,0,0,0,0,0,0,0,0,0,0,0,0,0,0,0,0,0,0,0,0,0,0,0,0,0,0,0,0
ChIJuyuFEFpXzpQRx11qRUUY460,Natural da Terra,-23.5921007,-46.67534089999999,"R. João Cachoeira, 1351 - Itaim Bibi, São Paulo - SP, 04535-014, Brazil",medio,itaim bibi,0,0,0,0,0,0,0,23,36,50,67,85,99,99,82,61,52,59,68,64,44,22,0,0,0,0,0,0,0,0,0,29,48,66,80,92,100,92,71,49,42,50,58,55,39,20,0,0,0,0,0,0,0,0,0,19,33,50,67,78,79,72,60,49,45,48,51,47,34,19,0,0,0,0,0,0,0,0,0,29,45,59,74,89,98,91,71,52,45,49,54,49,36,20,0,0,0,0,0,0,0,0,0,29,47,60,69,81,95,98,83,62,51,52,56,51,38,22,0,0,0,0,0,0,0,0,0,14,26,40,54,65,70,66,57,46,42,46,52,49,34,17,0,0,0,0,0,0,0,0,0,4,12,25,42,57,63,60,51,44,43,45,43,35,23,12,0,0
ChIJS6Tn3-FZzpQRthfv6wwOKbI,Pão de Açúcar,-23.5832965,-46.6704145,"R. Joaquim Floriano, 24 - Itaim Bibi, São Paulo - SP, 01401-002, Brazil",medio,itaim bibi,0,0,0,0,0,0,28,59,66,59,66,78,84,79,68,57,52,53,55,52,43,30,17,0,0,0,0,0,0,0,34,54,59,61,76,91,91,80,71,66,61,55,45,35,24,16,9,0,0,0,0,0,0,0,27,49,61,58,58,71,85,84,69,52,45,46,48,44,32,19,9,0,0,0,0,0,0,0,25,44,59,65,72,85,100,98,79,58,49,51,54,49,37,23,11,0,0,0,0,0,0,0,26,57,75,74,75,85,90,82,71,64,64,66,64,57,45,33,22,0,0,0,0,0,0,0,13,23,35,46,55,59,56,48,40,37,39,43,44,42,39,30,14,0,0,0,0,0,0,0,0,0,15,26,38,47,50,47,39,33,32,36,39,35,24,12,0,0
ChIJ15oRll5XzpQRAfbreGx6ATM,Shop Joaquim Floriano,-23.5847133,-46.6744729,"R. Joaquim Floriano, 469 - Itaim Bibi, São Paulo - SP, 04534-011, Brazil",pequeno,itaim bibi,0,0,0,0,0,0,0,23,57,26,18,40,60,59,38,20,14,16,18,18,15,10,0,0,0,0,0,0,0,0,0,22,39,30,19,30,48,49,32,18,17,22,28,28,23,14,0,0,0,0,0,0,0,0,0,26,42,18,29,45,52,46,34,24,22,24,25,24,20,14,0,0,0,0,0,0,0,0,0,18,34,32,34,66,100,87,48,26,23,25,26,23,18,12,0,0,0,0,0,0,0,0,0,45,70,19,24,50,74,77,60,45,41,45,45,36,23,12,0,0,0,0,0,0,0,0,0,10,22,32,34,30,26,28,30,30,29,25,20,15,10,7,0,0,0,0,0,0,0,0,0,0,0,0,0,0,0,0,0,0,0,0,0,0,0,0,0,0
ChIJq2zSJWBXzpQRFQ3gpBR1CmY,St Marche Supermercado,-23.57805609999999,-46.6708291,"Av. São Gabriel, 600 - Itaim Bibi, São Paulo - SP, 01435-000, Brazil",medio,itaim bibi,0,0,0,0,0,0,0,46,60,66,70,77,84,85,76,67,66,73,78,71,50,27,0,0,0,0,0,0,0,0,0,50,68,77,82,87,90,85,73,63,64,72,74,62,42,21,0,0,0,0,0,0,0,0,0,30,49,68,82,88,84,74,65,64,69,75,73,61,42,23,0,0,0,0,0,0,0,0,0,59,80,83,77,83,97,100,83,64,59,71,82,77,55,29,0,0,0,0,0,0,0,0,0,67,87,83,76,82,91,90,78,67,67,77,83,73,51,27,0,0,0,0,0,0,0,0,0,23,39,56,68,73,70,64,59,57,56,57,63,65,49,24,0,0,0,0,0,0,0,0,0,0,18,33,46,54,56,53,48,45,48,59,69,68,53,33,0,0
ChIJabE6m2dXzpQR0suXD7mPZlE,Emporium São Paulo Loja 4,-23.5818608,-46.67818979999999,"R. Pedroso Alvarenga, 803 - Itaim Bibi, São Paulo - SP, 04531-011, Brazil",medio ,itaim bibi,0,0,0,0,0,0,0,28,49,64,73,83,93,91,76,56,47,52,61,59,43,23,0,0,0,0,0,0,0,0,0,36,62,78,83,89,94,88,72,56,49,50,50,44,32,18,0,0,0,0,0,0,0,0,0,30,52,64,67,74,87,89,73,50,38,43,54,52,37,18,0,0,0,0,0,0,0,0,0,45,62,69,75,85,90,81,62,49,49,56,59,53,39,23,0,0,0,0,0,0,0,0,0,39,68,87,94,97,100,93,78,64,62,69,71,61,42,23,0,0,0,0,0,0,0,0,0,21,34,43,47,52,59,62,57,50,47,51,54,49,36,21,0,0,0,0,0,0,0,0,0,0,12,23,33,40,44,44,42,41,44,48,44,29,0,0,0,0
ChIJj_RuYnBXzpQRecaWNVrKaNA,Pão de Açúcar,-23.57146939999999,-46.680967,"Alameda Gabriel Monteiro da Silva, 1351 - Jardim Paulistano, São Paulo - SP, 01441-002, Brazil",medio,pinheiros,0,0,0,0,0,0,0,32,51,53,53,67,85,90,77,59,47,44,42,37,27,0,0,0,0,0,0,0,0,0,0,37,52,57,59,73,89,94,83,69,56,46,36,25,15,0,0,0,0,0,0,0,0,0,0,31,46,49,52,64,76,79,68,53,41,35,31,27,21,0,0,0,0,0,0,0,0,0,0,34,50,60,66,75,86,89,78,61,48,41,38,33,25,0,0,0,0,0,0,0,0,0,0,36,62,76,80,89,100,99,84,64,50,48,50,48,38,0,0,0,0,0,0,0,0,0,0,16,30,46,59,65,62,52,43,39,41,44,42,35,24,0,0,0,0,0,0,0,0,0,0,0,14,25,37,46,48,42,32,24,25,32,35,26,0,0,0,0
ChIJKYDlUttZzpQRFI4hRaDPhS4,Carrefour,-23.5703783,-46.6613384,"R. Pamplona, 1704 - Jardim Paulista, São Paulo - SP, 01405-002, Brazil",grande,jardim paulista,0,0,0,0,0,0,0,23,38,50,58,68,81,89,89,82,75,73,75,74,0,0,0,0,0,0,0,0,0,0,0,30,46,57,64,74,86,90,84,75,69,68,67,60,0,0,0,0,0,0,0,0,0,0,0,25,49,64,66,68,77,83,80,70,63,63,65,63,0,0,0,0,0,0,0,0,0,0,0,31,52,62,64,69,79,87,86,78,71,68,69,69,0,0,0,0,0,0,0,0,0,0,0,36,59,61,61,72,86,94,93,86,80,78,79,77,0,0,0,0,0,0,0,0,0,0,0,29,48,62,70,74,79,86,89,88,87,91,95,91,0,0,0,0,0,0,0,0,0,0,0,0,23,42,61,73,80,86,94,100,98,93,91,85,0,0,0,0
ChIJWXeraV9ZzpQRL8a6J_o7ieE,Minuto Pão de Açúcar Pamplona,-23.5675595,-46.6572593,"R. Pamplona, 1171 - Jardim Paulista, São Paulo - SP, 01405-001, Brazil",pequeno,jardim paulista,0,0,0,0,0,0,0,30,53,75,88,85,72,58,53,60,73,85,86,76,57,36,0,0,0,0,0,0,0,0,0,55,76,72,65,73,79,70,57,55,63,69,70,63,50,35,0,0,0,0,0,0,0,0,0,64,88,62,43,47,55,60,60,60,63,70,77,74,56,33,0,0,0,0,0,0,0,0,0,65,86,59,75,96,100,85,66,59,65,77,84,79,63,41,0,0,0,0,0,0,0,0,0,42,64,82,89,85,74,65,65,73,83,87,85,89,92,70,0,0,0,0,0,0,0,0,0,15,29,47,65,77,79,73,64,57,55,54,51,51,58,59,0,0,0,0,0,0,0,0,0,0,20,32,45,56,63,64,57,47,36,46,78,55,0,0,0,0
ChIJ7UVIAZ5XzpQReC9f3J8UDTI,Carrefour Express Fradique Coutinho,-23.56548059999999,-46.68525409999999,"R. Fradique Coutinho, 125 - Pinheiros, São Paulo - SP, 05416-010, Brazil",pequeno,pinheiros,0,0,0,0,0,0,5,11,18,25,31,36,37,34,29,27,31,43,52,51,51,63,52,16,0,0,0,0,0,0,2,7,15,25,36,44,49,48,43,36,34,43,55,57,44,40,68,31,0,0,0,0,0,0,4,10,18,27,34,39,39,36,30,27,31,43,58,68,67,54,34,18,0,0,0,0,0,0,3,13,28,40,42,33,25,25,36,50,60,63,61,65,80,80,50,18,0,0,0,0,0,0,7,15,25,36,43,46,44,38,36,40,52,68,78,76,75,95,100,50,0,0,0,0,0,0,2,5,10,17,25,34,43,50,53,54,52,53,57,63,65,56,0,0,0,0,0,0,0,0,1,2,6,12,21,31,41,49,52,49,41,34,36,55,67,43,0,0
ChIJfdGG58RXzpQRA7mAp1ev_8M,Minuto Pão de Açúcar Pinheiros,-23.5610242,-46.67761099999999,"R. João Moura, 509 - Pinheiros, São Paulo - SP, 05412-001, Brazil",pequeno,pinheiros,0,0,0,0,0,0,0,30,41,32,33,48,65,76,77,70,60,60,76,85,66,32,0,0,0,0,0,0,0,0,0,36,48,41,33,47,78,100,95,71,55,63,80,80,56,27,0,0,0,0,0,0,0,0,0,17,32,46,49,46,45,53,64,68,65,63,66,67,54,31,0,0,0,0,0,0,0,0,0,62,66,25,41,60,74,77,69,55,48,58,76,77,52,22,0,0,0,0,0,0,0,0,0,45,64,49,42,52,64,71,70,63,56,59,76,89,74,40,0,0,0,0,0,0,0,0,0,19,45,56,45,40,51,61,58,50,51,60,68,67,55,38,0,0,0,0,0,0,0,0,0,0,14,27,45,63,77,81,73,57,42,59,95,49,0,0,0,0
ChIJI37OuKZXzpQRGc88VnsTjDY,Supermercado Padrão,-23.566289,-46.69546700000001,"R. Fernão Dias, 579 - Pinheiros, São Paulo - SP, 05427-011, Brazil",medio,pinheiros,0,0,0,0,0,0,28,51,51,45,50,58,58,51,41,38,47,64,74,68,46,23,0,0,0,0,0,0,0,0,49,86,87,70,70,83,91,88,79,72,73,79,78,63,41,20,0,0,0,0,0,0,0,0,37,86,86,59,58,67,70,64,52,44,47,64,82,79,55,26,0,0,0,0,0,0,0,0,42,67,77,70,60,57,60,62,61,57,56,65,80,81,59,29,0,0,0,0,0,0,0,0,41,91,82,55,58,67,69,64,56,55,66,85,100,95,71,42,0,0,0,0,0,0,0,0,15,41,59,58,58,67,72,65,50,38,37,45,50,45,31,15,0,0,0,0,0,0,0,0,0,14,25,38,51,59,60,54,43,31,27,34,42,36,19,0,0,0
ChIJueXPx6FXzpQR-t58YY7aEi0,Dia Market,-23.5646998,-46.6909666,"Av. Pedroso de Morais, 619 - Pinheiros, São Paulo - SP, 05419-001, Brazil",pequeno,pinheiros,0,0,0,0,0,0,0,0,3,19,9,3,16,29,38,32,29,41,67,74,51,0,0,0,0,0,0,0,0,0,0,0,3,6,12,19,25,29,32,32,29,32,45,51,35,0,0,0,0,0,0,0,0,0,0,0,3,9,16,22,25,25,22,16,12,19,41,58,45,0,0,0,0,0,0,0,0,0,0,0,12,25,19,22,29,32,29,29,32,64,100,83,35,0,0,0,0,0,0,0,0,0,0,0,9,16,25,32,32,29,25,25,35,61,77,64,32,0,0,0,0,0,0,0,0,0,0,0,9,19,25,29,29,25,29,38,48,54,48,35,16,0,0,0,0,0,0,0,0,0,0,0,3,9,16,19,19,22,32,35,32,35,51,54,32,0,0,0
ChIJ2ac8KKJXzpQRuYN6u9byTP0,Solli Orgânicos,-23.5630995,-46.6917619,"Av. Pedroso de Morais, 816 - Pinheiros, São Paulo - SP, 05420-000, Brazil",medio,pinheiros,0,0,0,0,0,0,0,0,0,0,33,39,35,31,34,39,46,61,0,0,0,0,0,0,0,0,0,0,0,0,0,0,0,0,30,36,36,34,33,31,27,37,0,0,0,0,0,0,0,0,0,0,0,0,0,0,0,0,37,27,20,25,31,36,36,34,0,0,0,0,0,0,0,0,0,0,0,0,0,0,0,0,27,46,57,53,39,23,16,25,0,0,0,0,0,0,0,0,0,0,0,0,0,0,0,0,33,41,34,25,21,21,21,26,0,0,0,0,0,0,0,0,0,0,0,0,0,0,0,23,45,60,58,42,55,64,0,0,0,0,0,0,0,0,0,0,0,0,0,0,0,0,0,0,29,74,59,34,100,69,0,0,0,0,0,0,0,0
ChIJGcCTbL1XzpQR74QdAU5XTGk,DIA Supermercado,-23.5566301,-46.6909325,"R. Fradique Coutinho, 1256 - Pinheiros, São Paulo - SP, 05416-001, Brazil",medio,pinheiros,0,0,0,0,0,0,0,0,17,34,53,65,68,59,50,48,58,71,73,60,38,0,0,0,0,0,0,0,0,0,0,0,19,41,58,65,70,76,76,69,62,64,68,60,40,0,0,0,0,0,0,0,0,0,0,0,42,30,29,47,62,70,72,77,85,84,67,40,17,0,0,0,0,0,0,0,0,0,0,0,21,41,62,76,78,70,62,61,67,72,68,54,36,0,0,0,0,0,0,0,0,0,0,0,28,50,72,89,93,85,70,61,69,89,100,81,48,0,0,0,0,0,0,0,0,0,0,0,14,32,55,69,65,51,40,45,63,82,88,75,53,0,0,0,0,0,0,0,0,0,0,0,12,22,34,44,54,58,56,51,46,58,78,70,32,0,0,0
ChIJB5ih3hRYzpQR_K5egvrdtdE,Supermercado Da Praça,-23.5325903,-46.6521965,"Alameda Eduardo Prado, 795 - Barra Funda, São Paulo - SP, 01208-010, Brazil",medio,barra funda,0,0,0,0,0,0,0,0,7,21,38,43,35,30,34,41,45,48,66,97,74,26,0,0,0,0,0,0,0,0,0,0,10,21,36,47,50,50,53,62,68,75,85,80,53,23,0,0,0,0,0,0,0,0,0,0,25,39,46,43,36,33,37,45,51,59,70,75,62,36,0,0,0,0,0,0,0,0,0,0,11,25,35,33,26,27,34,42,45,51,70,88,74,37,0,0,0,0,0,0,0,0,0,0,12,21,29,32,29,24,27,43,64,77,71,82,100,48,0,0,0,0,0,0,0,0,0,0,7,15,28,45,61,73,76,69,58,57,68,74,57,29,0,0,0,0,0,0,0,0,0,0,5,19,44,66,69,50,0,0,0,0,0,0,0,0,0,0
ChIJ0ct7ABVYzpQRWa7G1KWREPE,Mini Mercado Extra,-23.5332447,-46.65369029999999,"R. Brg. Galvão, 118 - Santa Cecilia, São Paulo - SP, 01401-901, Brazil",pequeno,barra funda,0,0,0,0,0,0,0,18,39,46,40,36,43,50,50,45,46,59,76,80,0,0,0,0,0,0,0,0,0,0,0,31,51,45,33,35,45,52,53,51,53,60,64,59,0,0,0,0,0,0,0,0,0,0,0,9,16,25,33,40,43,43,40,36,38,55,82,92,0,0,0,0,0,0,0,0,0,0,0,13,25,37,47,53,53,48,42,41,50,65,79,80,0,0,0,0,0,0,0,0,0,0,0,17,30,42,52,60,65,67,69,70,73,81,90,86,0,0,0,0,0,0,0,0,0,0,0,13,24,38,54,70,85,95,100,96,84,69,61,86,0,0,0,0,0,0,0,0,0,0,0,0,10,23,41,60,73,77,70,56,62,86,0,0,0,0,0,0
ChIJ9TKuyA1YzpQRNQJv7QH0zDo,Mini Mercado Taiuva,-23.5249108,-46.6551179,"R. Dr. Ribeiro de Almeida, 365 - Barra Funda, São Paulo - SP, 01137-020, Brazil",pequeno,barra funda,0,0,0,0,0,0,0,0,0,0,0,0,0,0,0,0,0,0,0,0,0,0,0,0,0,0,0,0,0,0,0,25,45,60,62,62,62,60,50,37,32,40,42,25,7,0,0,0,0,0,0,0,0,0,0,22,45,47,37,35,42,52,52,45,35,45,70,50,12,0,0,0,0,0,0,0,0,0,0,67,87,32,42,60,70,70,60,45,30,30,55,57,25,0,0,0,0,0,0,0,0,0,0,50,95,62,40,47,55,52,47,42,50,67,67,47,20,0,0,0,0,0,0,0,0,0,0,27,52,52,40,47,70,77,65,50,47,55,50,32,0,0,0,0,0,0,0,0,0,0,0,0,25,50,75,95,100,95,82,67,50,0,0,0,0,0,0,0
ChIJywkB6gZYzpQR4e3pNNy54bY,Kuchos Atacado e Varejo,-23.52377229999999,-46.6644532,"Rua Quirino dos Santos, 122 - Várzea da Barra Funda, São Paulo - SP, 01141-020, Brazil",grande,barra funda,0,0,0,0,0,0,0,48,66,37,26,45,67,71,58,46,42,39,30,0,0,0,0,0,0,0,0,0,0,0,0,61,67,34,47,64,74,75,70,61,50,37,24,0,0,0,0,0,0,0,0,0,0,0,0,63,62,31,37,51,65,73,75,70,59,45,31,0,0,0,0,0,0,0,0,0,0,0,0,58,85,50,37,59,83,91,83,68,57,47,35,0,0,0,0,0,0,0,0,0,0,0,0,80,79,45,34,56,86,100,91,79,74,70,56,0,0,0,0,0,0,0,0,0,0,0,0,0,27,42,38,42,50,54,54,50,42,33,0,0,0,0,0,0,0,0,0,0,0,0,0,0,0,0,0,0,0,0,0,0,0,0,0,0,0,0,0,0
ChIJuzypcAH4zpQRXsIGlmkHslU,Assaí Supermarket Wholesaler,-23.5192237,-46.67286469999999,"Av. Marquês de São Vicente, 1354 - Barra Funda, São Paulo - SP, 01139-002, Brazil",grande ,barra funda,0,0,0,0,0,0,0,20,33,46,57,66,74,81,84,80,74,71,77,85,79,55,0,0,0,0,0,0,0,0,0,28,45,59,70,82,91,92,86,77,71,68,64,57,46,32,0,0,0,0,0,0,0,0,0,22,36,49,59,65,70,74,75,71,62,57,61,68,63,44,0,0,0,0,0,0,0,0,0,24,41,57,69,77,84,90,93,88,78,72,78,89,83,57,0,0,0,0,0,0,0,0,0,25,42,60,76,86,90,91,93,93,92,89,91,100,96,66,0,0,0,0,0,0,0,0,0,38,58,72,81,89,96,99,96,92,93,96,97,89,71,47,0,0,0,0,0,0,0,0,0,0,33,57,78,86,82,76,76,77,71,56,0,0,0,0,0,0
ChIJQ4_LN3H4zpQRAeq8LyuV3p4,SuperVille,-23.5261655,-46.6959707,"R. Coriolano, 1071 - Vila Romana, São Paulo - SP, 05047-000, Brazil",medio ,lapa,0,0,0,0,0,0,0,15,25,36,47,54,56,52,48,49,62,81,88,73,44,0,0,0,0,0,0,0,0,0,0,14,28,46,64,73,72,62,55,56,66,73,66,47,26,0,0,0,0,0,0,0,0,0,0,15,40,46,38,40,44,45,42,42,52,64,65,48,24,0,0,0,0,0,0,0,0,0,0,20,36,45,48,52,54,50,44,44,56,73,76,59,33,0,0,0,0,0,0,0,0,0,0,19,30,32,37,49,61,64,59,58,68,84,88,72,44,0,0,0,0,0,0,0,0,0,0,13,30,52,72,79,75,68,66,64,60,65,75,67,38,0,0,0,0,0,0,0,0,0,0,10,27,46,68,92,100,82,56,40,40,45,41,27,0,0,0,0
ChIJn8zS_nP4zpQRNu-_8K08Jjk,Sacolão Lapa,-23.5258059,-46.6944931,"R. Caio Graco, 322 - Vila Romana, São Paulo - SP, 05044-000, Brazil",medio,lapa,0,0,0,0,0,0,0,10,24,41,54,61,65,67,64,57,51,62,86,82,42,0,0,0,0,0,0,0,0,0,0,15,32,54,72,77,70,59,54,55,53,47,50,50,27,0,0,0,0,0,0,0,0,0,0,9,20,34,44,47,43,40,41,44,46,51,53,43,23,0,0,0,0,0,0,0,0,0,0,9,20,35,47,51,48,44,45,48,50,57,67,57,28,0,0,0,0,0,0,0,0,0,0,10,23,39,53,59,56,52,52,56,58,62,71,61,31,0,0,0,0,0,0,0,0,0,0,14,29,49,71,86,88,80,69,66,72,76,70,51,29,0,0,0,0,0,0,0,0,0,0,0,32,64,84,96,100,86,64,51,57,66,60,39,0,0,0,0
ChIJQT5eVXH4zpQRoeeZBllgP1k,Lapa Comercial Hortifruti Granjeiro,-23.5259437,-46.694753,"R. Coriolano, 948 - Vila Romana, São Paulo - SP, 02675-031, Brazil",medio,lapa,0,0,0,0,0,0,0,0,28,42,42,42,35,42,57,50,42,21,14,0,0,0,0,0,0,0,0,0,0,0,0,0,35,42,42,42,92,71,42,42,35,28,21,0,0,0,0,0,0,0,0,0,0,0,0,0,28,50,50,42,35,42,50,50,35,28,14,0,0,0,0,0,0,0,0,0,0,0,0,0,35,28,35,42,50,57,50,50,42,35,28,0,0,0,0,0,0,0,0,0,0,0,0,0,78,85,64,57,57,57,57,50,42,28,21,0,0,0,0,0,0,0,0,0,0,0,0,0,35,50,64,78,92,100,92,85,64,50,35,0,0,0,0,0,0,0,0,0,0,0,0,0,14,50,78,71,64,92,78,57,57,50,42,0,0,0,0,0
ChIJq2wXYGP4zpQRZoekQphKKpw,Carrefour Express,-23.5234116,-46.7043872,"R. Nossa Sra. da Lapa, 449 - Lapa, São Paulo - SP, 05072-000, Brazil",pequeno,lapa,0,0,0,0,0,0,0,48,28,20,28,30,30,23,20,17,23,30,35,30,23,0,0,0,0,0,0,0,0,0,0,38,46,41,28,25,33,43,46,43,41,51,64,56,28,0,0,0,0,0,0,0,0,0,0,71,23,15,23,25,25,25,25,28,30,33,30,28,20,0,0,0,0,0,0,0,0,0,0,69,17,7,17,33,38,33,25,25,35,53,64,61,48,0,0,0,0,0,0,0,0,0,0,51,100,20,7,17,30,38,38,30,23,23,51,64,35,0,0,0,0,0,0,0,0,0,0,20,46,43,28,30,43,53,56,53,53,56,53,38,17,0,0,0,0,0,0,0,0,0,0,0,0,17,33,48,53,43,30,20,0,0,0,0,0,0,0,0
ChIJa1lZ5Gb4zpQRQGt_Q4xTID8,Bom Baiano Distribuidora de Doces,-23.5173376,-46.70257199999999,"Rua Tenente Landy, 120 - Lapa, São Paulo - SP, 05068-020, Brazil",medio,lapa,0,0,0,0,0,0,0,21,33,35,36,48,64,70,64,58,57,50,0,0,0,0,0,0,0,0,0,0,0,0,0,23,35,40,43,52,62,62,52,45,45,42,0,0,0,0,0,0,0,0,0,0,0,0,0,24,34,37,41,53,64,65,58,53,54,49,0,0,0,0,0,0,0,0,0,0,0,0,0,32,50,52,52,60,68,67,60,59,60,51,0,0,0,0,0,0,0,0,0,0,0,0,0,32,50,48,45,58,73,76,69,69,78,73,0,0,0,0,0,0,0,0,0,0,0,0,0,25,48,65,75,89,100,86,54,0,0,0,0,0,0,0,0,0,0,0,0,0,0,0,0,0,0,0,0,0,0,0,0,0,0,0,0,0,0,0,0,0
ChIJXVC_qmX4zpQR-9ptMRodluM,DIA Supermercado,-23.5207663,-46.7008277,"R. Trajano, 102 - Lapa, São Paulo - SP, 05050-110, Brazil",medio,lapa,0,0,0,0,0,0,0,0,13,20,25,28,31,34,40,46,52,61,67,59,34,0,0,0,0,0,0,0,0,0,0,0,10,18,27,36,44,49,50,46,41,44,69,84,49,0,0,0,0,0,0,0,0,0,0,0,10,18,23,23,23,26,32,38,50,70,83,71,40,0,0,0,0,0,0,0,0,0,0,0,19,32,41,43,41,42,44,45,47,58,79,77,44,0,0,0,0,0,0,0,0,0,0,0,29,33,24,21,33,46,47,44,57,86,100,79,40,0,0,0,0,0,0,0,0,0,0,0,17,30,45,57,63,62,57,52,52,53,49,37,20,0,0,0,0,0,0,0,0,0,0,0,5,13,21,28,32,31,27,21,19,22,21,13,3,0,0,0
ChIJFdEN_2X4zpQRe_4BLwgdIJI,Sacolão municipal da lapa,-23.5183135,-46.69941110000001,"R. Aristídes Viadana, 62 - Lapa, São Paulo - SP, 05060-070, Brazil",medio,lapa,0,0,0,0,0,0,0,0,0,0,4,28,76,75,28,3,0,0,0,0,0,0,0,0,0,0,0,0,0,0,0,0,0,0,8,33,68,66,31,7,2,4,4,1,0,0,0,0,0,0,0,0,0,0,0,0,1,2,4,27,86,85,26,8,6,2,0,0,0,0,0,0,0,0,0,0,0,0,0,0,1,2,4,28,91,84,26,8,5,3,1,0,0,0,0,0,0,0,0,0,0,0,0,0,1,3,5,25,98,100,26,4,3,2,0,0,0,0,0,0,0,0,0,0,0,0,0,0,2,3,7,25,62,76,41,10,2,0,0,0,0,0,0,0,0,0,0,0,0,0,0,0,0,0,0,0,0,0,0,0,0,0,0,0,0,0,0,0
ChIJ9TQgQX34zpQRBQMRUPGKfd4,Mini Mercado Extra,-23.5272512,-46.7082479,"R. Tito, 1689 - Vila Romana, São Paulo - SP, 05051-001, Brazil",pequeno ,lapa,0,0,0,0,0,0,0,0,15,39,51,41,30,32,45,55,56,46,49,88,0,0,0,0,0,0,0,0,0,0,0,0,35,56,67,68,65,65,62,51,39,53,83,59,0,0,0,0,0,0,0,0,0,0,0,0,59,27,36,51,59,58,48,44,56,73,63,31,0,0,0,0,0,0,0,0,0,0,0,0,43,56,58,54,54,54,51,51,65,87,84,49,0,0,0,0,0,0,0,0,0,0,0,0,48,69,78,73,62,56,62,67,60,50,64,77,0,0,0,0,0,0,0,0,0,0,0,0,46,82,83,64,67,89,98,82,62,63,75,63,0,0,0,0,0,0,0,0,0,0,0,0,20,39,41,72,100,94,68,54,50,31,0,0,0,0,0,0
ChIJ09wUR5j5zpQRUZnV22YLrQU,Natural da Terra,-23.5348709,-46.7142419,"R. Pio XI, 1320 - Alto da Lapa, São Paulo - SP, 05060-001, Brazil",medio,lapa,0,0,0,0,0,0,0,17,32,50,64,70,67,59,55,54,56,64,87,100,71,26,0,0,0,0,0,0,0,0,0,21,35,49,64,79,85,77,61,56,66,79,78,59,33,13,0,0,0,0,0,0,0,0,0,25,41,43,43,53,63,60,49,40,43,54,64,63,50,31,0,0,0,0,0,0,0,0,0,22,39,56,64,62,56,53,55,56,52,44,41,50,56,38,0,0,0,0,0,0,0,0,0,12,26,42,59,71,72,63,49,40,46,61,65,54,42,22,0,0,0,0,0,0,0,0,0,16,29,44,57,64,62,53,42,37,43,60,72,68,48,24,0,0,0,0,0,0,0,0,0,6,17,34,54,69,73,68,61,62,61,60,74,81,53,17,0,0
ChIJJS8ZDMJXzpQRb7cJvFyLuXE,Mini mercado ouro claro,-23.5424444,-46.6903146,"Av. Pompéia, 2180 - Pompeia, São Paulo - SP, 05022-010, Brazil",pequeno,perdizes,0,0,0,0,0,0,0,0,18,40,53,58,62,62,53,40,40,63,91,84,45,0,0,0,0,0,0,0,0,0,0,0,13,31,44,57,71,76,63,43,39,60,86,81,47,0,0,0,0,0,0,0,0,0,0,0,12,28,41,45,46,45,42,35,38,68,99,74,23,0,0,0,0,0,0,0,0,0,0,0,19,35,51,61,62,53,37,24,24,51,82,77,37,0,0,0,0,0,0,0,0,0,0,0,8,22,37,50,54,50,45,48,65,82,83,61,31,0,0,0,0,0,0,0,0,0,0,0,0,20,41,60,68,60,46,46,64,81,70,37,0,0,0,0,0,0,0,0,0,0,0,0,0,54,100,75,92,73,0,0,0,0,0,0,0,0,0,0
ChIJe2LwDPBXzpQRbB7PT8DaD2Q,Mini Mercado Extra,-23.535424,-46.6791071,"Rua CaiubÍ, 1294 - Perdizes, São Paulo - SP, 05010-000, Brazil",pequeno,perdizes,0,0,0,0,0,0,0,7,13,18,21,19,15,13,12,14,18,25,31,0,0,0,0,0,0,0,0,0,0,0,0,5,10,18,26,30,29,26,22,21,22,24,24,0,0,0,0,0,0,0,0,0,0,0,0,5,10,14,17,18,18,19,21,23,25,26,25,0,0,0,0,0,0,0,0,0,0,0,0,5,19,34,40,60,100,79,27,13,18,26,30,0,0,0,0,0,0,0,0,0,0,0,0,10,17,23,27,27,24,21,22,26,31,32,30,0,0,0,0,0,0,0,0,0,0,0,0,5,16,23,24,28,31,27,25,27,31,31,28,0,0,0,0,0,0,0,0,0,0,0,0,0,10,18,25,26,24,22,20,19,21,0,0,0,0,0,0,0
ChIJgXejFh1YzpQRHsMmTy3cyJc,Máximo Mercados,-23.5329891,-46.6689993,"Rua Turiassú, 620 - Perdizes, São Paulo - SP, 05005-000, Brazil",medio,perdizes,0,0,0,0,0,0,0,23,58,84,73,54,50,52,50,39,26,45,100,26,0,0,0,0,0,0,0,0,0,0,0,23,45,60,60,56,58,65,65,52,45,100,80,10,0,0,0,0,0,0,0,0,0,0,0,32,65,86,82,69,60,47,36,34,54,82,84,56,0,0,0,0,0,0,0,0,0,0,0,30,45,52,58,69,69,58,47,45,52,56,47,30,0,0,0,0,0,0,0,0,0,0,0,45,67,54,63,45,28,28,41,58,65,60,43,26,0,0,0,0,0,0,0,0,0,0,0,17,58,39,30,39,43,41,32,30,34,34,26,13,0,0,0,0,0,0,0,0,0,0,0,0,13,23,26,52,80,43,0,0,0,0,0,0,0,0,0,0
