district,path
alto de pinheiros,/content/drive/My Drive/carreira/hackaton/data/mapas/alto_de_pinheiros.png
barra funda,/content/drive/My Drive/carreira/hackaton/data/mapas/barra_funda.png
butanta,/content/drive/My Drive/carreira/hackaton/data/mapas/butanta.png
itaim bibi,/content/drive/My Drive/carreira/hackaton/data/mapas/itaim_bibi.png
jaguara,/content/drive/My Drive/carreira/hackaton/data/mapas/jaguara.png
jaguare,/content/drive/My Drive/carreira/hackaton/data/mapas/jaguare.png
jardim paulista,/content/drive/My Drive/carreira/hackaton/data/mapas/jardim_paulista.png
lapa,/content/drive/My Drive/carreira/hackaton/data/mapas/lapa.png
morumbi,/content/drive/My Drive/carreira/hackaton/data/mapas/morumbi.png
perdizes,/content/drive/My Drive/carreira/hackaton/data/mapas/perdizes.png
pinheiros,/content/drive/My Drive/carreira/hackaton/data/mapas/pinheiros.png
raposo tavares,/content/drive/My Drive/carreira/hackaton/data/mapas/raposo_tavares.png
rio pequeno,/content/drive/My Drive/carreira/hackaton/data/mapas/rio_pequeno.png
vila leopoldina,/content/drive/My Drive/carreira/hackaton/data/mapas/vila_leopoldina.png
vila sonia,/content/drive/My Drive/carreira/hackaton/data/mapas/vila_sonia.png